PassengerId,Survived,Pclass,Name,Sex,Age,SibSp,Parch,Ticket,Fare,Cabin,Embarked
1,0,2,Passenger_1,female,59.2,0,0,TKT66805,16.84,C141,S
2,1,3,Passenger_2,female,20.5,0,2,TKT84323,5.0,C130,C
3,0,3,Passenger_3,male,39.4,0,0,TKT11986,11.16,,S
4,1,3,Passenger_4,female,33.2,0,0,TKT86478,22.93,,S
5,1,1,Passenger_5,male,47.2,2,0,TKT92994,6.67,,S
6,1,1,Passenger_6,male,50.9,1,0,TKT22161,26.55,C67,S
7,1,1,Passenger_7,female,,3,0,TKT30689,44.68,,S
8,0,3,Passenger_8,male,18.5,0,1,TKT70924,6.72,,S
9,1,3,Passenger_9,male,35.4,2,0,TKT84308,5.0,,S
10,0,3,Passenger_10,male,19.5,0,0,TKT73745,12.12,,S
11,0,1,Passenger_11,male,,0,0,TKT11211,49.46,C94,C
12,0,3,Passenger_12,male,30.9,0,3,TKT10229,16.83,,S
13,0,3,Passenger_13,male,23.9,0,0,TKT58542,11.66,,S
14,1,1,Passenger_14,male,31.6,1,0,TKT24345,26.27,C132,C
15,1,1,Passenger_15,female,,0,0,TKT41819,13.07,,S
16,1,1,Passenger_16,female,15.4,0,0,TKT57779,44.96,,S
17,0,2,Passenger_17,male,45.8,0,0,TKT92421,28.99,C66,S
18,1,3,Passenger_18,male,19.8,0,0,TKT75584,5.0,,S
19,1,2,Passenger_19,male,,0,1,TKT29950,21.22,C28,S
20,0,2,Passenger_20,male,36.5,0,0,TKT25173,25.97,,Q
21,0,3,Passenger_21,male,45.6,1,1,TKT68032,16.73,,S
22,0,1,Passenger_22,male,,1,0,TKT38036,23.28,,S
23,0,2,Passenger_23,male,,0,0,TKT81356,9.02,,S
24,1,2,Passenger_24,male,,0,0,TKT24292,11.57,,C
25,0,2,Passenger_25,male,9.1,0,0,TKT13052,8.12,,S
26,0,3,Passenger_26,male,50.0,1,0,TKT54377,8.71,,C
27,1,1,Passenger_27,female,24.5,0,0,TKT99317,20.64,,Q
28,1,3,Passenger_28,female,25.5,0,0,TKT77838,40.51,,Q
29,0,3,Passenger_29,male,47.6,0,0,TKT77819,16.88,C137,C
30,1,1,Passenger_30,female,36.8,0,4,TKT25620,48.36,,S
31,0,3,Passenger_31,male,35.4,0,0,TKT40461,12.55,C135,C
32,1,1,Passenger_32,female,59.3,1,2,TKT30750,18.97,,S
33,1,1,Passenger_33,female,,0,0,TKT98719,20.23,,C
34,1,3,Passenger_34,male,,0,0,TKT19472,7.94,,S
35,0,3,Passenger_35,male,29.8,1,0,TKT79263,10.3,,C
36,0,3,Passenger_36,male,32.8,1,0,TKT67602,11.85,C143,S
37,1,2,Passenger_37,male,,0,0,TKT35523,16.45,,S
38,0,1,Passenger_38,male,36.1,0,0,TKT40766,20.02,,Q
39,0,3,Passenger_39,male,36.5,0,2,TKT76060,5.95,,S
40,1,2,Passenger_40,male,44.0,2,1,TKT19079,6.2,C63,S
41,1,1,Passenger_41,female,23.9,0,0,TKT18399,60.24,,S
42,1,3,Passenger_42,female,17.3,2,0,TKT70726,42.26,,Q
43,1,1,Passenger_43,male,14.4,1,0,TKT26532,56.8,C12,S
44,0,3,Passenger_44,male,1.5,0,0,TKT92357,5.0,,S
45,0,2,Passenger_45,male,57.8,0,0,TKT53162,28.53,C99,S
46,0,3,Passenger_46,male,13.6,0,2,TKT13749,18.48,,S
47,1,2,Passenger_47,female,25.9,0,0,TKT21353,12.4,,C
48,0,3,Passenger_48,male,25.1,0,0,TKT38477,12.71,,S
49,0,3,Passenger_49,male,33.3,0,0,TKT34570,6.56,,S
50,0,1,Passenger_50,male,40.4,3,0,TKT96373,71.54,,S
51,0,3,Passenger_51,male,41.0,0,0,TKT21437,11.66,,C
52,0,3,Passenger_52,female,20.8,1,0,TKT48104,5.0,,S
53,1,3,Passenger_53,female,26.7,0,0,TKT73370,14.42,C19,S
54,0,3,Passenger_54,male,,0,0,TKT14551,18.94,,S
55,1,3,Passenger_55,male,25.5,0,0,TKT78359,10.37,,S
56,0,3,Passenger_56,male,51.5,0,3,TKT64880,12.62,C37,S
57,1,1,Passenger_57,female,35.9,2,0,TKT22916,23.36,,S
58,0,1,Passenger_58,female,39.3,0,0,TKT90703,11.09,,S
59,0,1,Passenger_59,male,38.3,0,0,TKT51445,22.06,,S
60,0,2,Passenger_60,male,45.4,0,0,TKT57636,23.72,C83,C
61,1,2,Passenger_61,female,31.5,0,0,TKT83927,15.04,,S
62,0,2,Passenger_62,male,10.8,0,1,TKT88194,28.8,,Q
63,0,3,Passenger_63,female,34.6,1,0,TKT39685,6.86,,S
64,0,2,Passenger_64,male,19.9,1,0,TKT61134,13.08,,C
65,1,2,Passenger_65,male,21.6,0,0,TKT98916,29.42,C68,C
66,1,3,Passenger_66,male,37.2,0,0,TKT77847,10.54,C140,Q
67,0,1,Passenger_67,male,46.3,0,1,TKT49993,18.39,,C
68,0,3,Passenger_68,male,29.3,0,1,TKT54333,18.61,,S
69,1,1,Passenger_69,female,,0,0,TKT68865,15.15,C109,S
70,1,3,Passenger_70,male,52.8,0,1,TKT89096,5.43,C131,S
71,0,3,Passenger_71,male,32.4,0,0,TKT59756,5.0,,S
72,1,1,Passenger_72,male,65.4,0,3,TKT71192,16.65,,S
73,0,1,Passenger_73,male,36.9,0,0,TKT70686,61.32,,C
74,0,3,Passenger_74,male,4.3,0,3,TKT58733,5.0,,S
75,0,3,Passenger_75,male,39.5,0,0,TKT35993,5.0,,S
76,1,3,Passenger_76,female,34.3,0,0,TKT40492,12.27,,Q
77,0,3,Passenger_77,male,47.1,1,0,TKT30981,5.0,,S
78,0,1,Passenger_78,male,38.4,0,3,TKT34143,17.16,C35,S
79,0,2,Passenger_79,male,27.1,0,1,TKT87603,36.55,,C
80,0,1,Passenger_80,female,11.9,0,0,TKT99452,102.53,,S
81,1,3,Passenger_81,female,26.1,1,0,TKT70277,11.06,,S
82,1,3,Passenger_82,female,17.1,0,0,TKT59990,5.0,,Q
83,0,2,Passenger_83,male,20.9,0,0,TKT72888,8.4,,Q
84,0,1,Passenger_84,male,37.2,0,0,TKT79351,27.15,,C
85,1,2,Passenger_85,male,,1,0,TKT59999,20.02,,S
86,0,2,Passenger_86,male,34.5,2,1,TKT80309,60.37,C31,C
87,0,3,Passenger_87,male,12.3,0,0,TKT22446,17.81,,S
88,0,3,Passenger_88,male,35.2,1,1,TKT40733,9.57,,S
89,1,3,Passenger_89,male,,2,0,TKT86000,7.14,,S
90,0,3,Passenger_90,male,20.5,2,0,TKT58632,74.46,,S
91,1,1,Passenger_91,female,27.1,0,0,TKT31576,38.04,,S
92,0,3,Passenger_92,male,,0,0,TKT13320,5.65,,S
93,0,3,Passenger_93,male,18.0,0,0,TKT20750,7.71,,S
94,0,3,Passenger_94,female,38.1,1,0,TKT63463,5.0,,S
95,0,3,Passenger_95,male,27.3,0,0,TKT36572,5.0,,C
96,0,3,Passenger_96,female,34.9,0,0,TKT27948,11.23,,S
97,0,3,Passenger_97,male,,0,0,TKT48826,31.43,C89,S
98,0,2,Passenger_98,male,,1,0,TKT99051,5.25,C121,S
99,1,1,Passenger_99,female,,1,1,TKT37867,25.5,,S
100,1,1,Passenger_100,female,,0,2,TKT70231,14.96,,S
101,1,1,Passenger_101,female,53.2,1,0,TKT76262,35.34,,S
102,1,3,Passenger_102,male,,0,0,TKT82233,8.0,C86,S
103,0,2,Passenger_103,male,32.1,1,0,TKT54678,6.35,,Q
104,1,3,Passenger_104,male,42.1,0,2,TKT22963,5.0,,S
105,0,3,Passenger_105,male,9.1,0,0,TKT74360,5.05,C96,S
106,1,2,Passenger_106,female,4.3,2,0,TKT59434,42.14,,S
107,1,2,Passenger_107,male,7.6,0,0,TKT76617,40.66,,S
108,1,3,Passenger_108,female,46.7,1,0,TKT30269,7.26,,S
109,0,1,Passenger_109,male,21.3,0,0,TKT86312,57.94,,S
110,1,1,Passenger_110,male,64.8,0,1,TKT89732,21.73,,S
111,0,2,Passenger_111,male,,0,0,TKT91494,13.08,,Q
112,1,1,Passenger_112,female,31.6,0,0,TKT98905,25.53,,C
113,1,3,Passenger_113,female,50.6,0,0,TKT87225,11.02,,S
114,0,3,Passenger_114,female,57.1,0,0,TKT92867,6.12,,C
115,1,3,Passenger_115,female,57.9,0,2,TKT47528,9.16,C105,S
116,1,3,Passenger_116,female,45.9,0,0,TKT88972,15.66,C16,C
117,0,3,Passenger_117,female,43.3,3,1,TKT75602,9.88,,S
118,1,1,Passenger_118,male,37.3,2,0,TKT43332,25.28,,S
119,1,3,Passenger_119,male,39.9,0,0,TKT88929,12.76,,C
120,0,3,Passenger_120,male,21.3,1,2,TKT79206,14.39,,C
121,0,3,Passenger_121,female,17.5,0,0,TKT12251,8.64,,C
122,0,3,Passenger_122,female,29.0,0,1,TKT55717,6.48,,S
123,0,2,Passenger_123,male,,1,0,TKT37027,18.77,,Q
124,1,1,Passenger_124,female,22.7,2,1,TKT96551,8.04,,Q
125,1,1,Passenger_125,female,,0,0,TKT19583,21.17,C138,S
126,1,2,Passenger_126,male,42.4,1,0,TKT60387,5.0,,S
127,0,3,Passenger_127,male,,0,1,TKT33104,5.0,,S
128,1,3,Passenger_128,female,49.7,4,2,TKT22224,5.0,,Q
129,1,1,Passenger_129,male,13.0,0,2,TKT70624,51.07,,S
130,1,3,Passenger_130,female,26.3,0,1,TKT66058,9.11,,S
131,0,2,Passenger_131,male,19.0,0,1,TKT39299,6.8,,S
132,0,1,Passenger_132,female,2.9,1,0,TKT88572,34.6,C136,S
133,1,1,Passenger_133,female,27.8,0,0,TKT95469,49.01,,S
134,1,2,Passenger_134,female,27.3,2,0,TKT87928,23.48,,S
135,1,3,Passenger_135,male,50.2,0,0,TKT83474,7.91,,Q
136,0,2,Passenger_136,female,,0,0,TKT14141,19.35,,S
137,1,3,Passenger_137,female,14.7,0,0,TKT33350,16.96,,C
138,0,3,Passenger_138,male,55.0,0,0,TKT85082,6.5,,S
139,1,2,Passenger_139,female,,0,0,TKT80871,16.79,,S
140,0,3,Passenger_140,male,37.1,0,0,TKT15077,7.54,,S
141,0,3,Passenger_141,male,25.8,0,0,TKT56015,5.0,,S
142,1,2,Passenger_142,male,15.6,0,0,TKT81147,31.24,,S
143,0,3,Passenger_143,male,,0,1,TKT69180,38.1,,
144,1,2,Passenger_144,male,44.2,1,0,TKT50857,8.92,,S
145,1,2,Passenger_145,female,,1,0,TKT69840,32.26,,S
146,1,1,Passenger_146,male,50.6,0,0,TKT69902,13.61,,S
147,1,3,Passenger_147,female,22.2,0,0,TKT15577,9.9,,S
148,0,3,Passenger_148,male,13.3,0,0,TKT30002,25.94,,Q
149,0,1,Passenger_149,male,31.0,0,0,TKT60711,17.04,,S
150,0,2,Passenger_150,male,4.2,0,0,TKT49451,16.28,,S
151,1,3,Passenger_151,female,,0,0,TKT59103,5.0,,S
152,1,1,Passenger_152,male,26.9,0,0,TKT38647,15.41,C94,S
153,1,1,Passenger_153,male,22.5,0,2,TKT44831,6.46,,S
154,0,3,Passenger_154,female,6.7,0,2,TKT76830,12.19,,S
155,0,3,Passenger_155,male,36.2,1,0,TKT90632,16.15,,S
156,1,1,Passenger_156,male,21.5,3,0,TKT46833,21.01,,S
157,0,3,Passenger_157,male,12.6,0,0,TKT34398,11.02,C11,S
158,1,3,Passenger_158,female,,0,0,TKT71554,7.18,,C
159,0,1,Passenger_159,male,28.6,1,2,TKT60755,41.2,,S
160,1,3,Passenger_160,female,53.8,2,0,TKT27706,9.88,,C
161,1,2,Passenger_161,male,,0,1,TKT32340,5.0,,C
162,0,3,Passenger_162,female,,0,0,TKT74994,17.43,,S
163,1,3,Passenger_163,female,20.6,0,3,TKT73884,6.87,,S
164,0,3,Passenger_164,female,35.6,0,0,TKT94361,5.0,,S
165,0,1,Passenger_165,male,15.0,0,1,TKT27482,18.04,,C
166,1,3,Passenger_166,female,33.2,0,0,TKT64225,5.0,C91,S
167,1,2,Passenger_167,male,39.7,0,0,TKT68849,6.86,,S
168,1,1,Passenger_168,male,46.2,0,0,TKT84854,27.11,,S
169,0,1,Passenger_169,male,,1,0,TKT51256,28.75,,Q
170,0,3,Passenger_170,female,,0,2,TKT91110,11.18,,S
171,0,3,Passenger_171,female,16.7,0,2,TKT24650,9.05,,S
172,1,1,Passenger_172,female,17.4,0,1,TKT56118,15.1,C13,S
173,1,3,Passenger_173,male,25.8,0,0,TKT38930,8.69,,S
174,0,1,Passenger_174,male,,3,1,TKT95707,18.06,,S
175,0,3,Passenger_175,female,41.8,0,0,TKT21801,5.0,,C
176,0,1,Passenger_176,male,17.8,0,0,TKT61360,14.29,,C
177,1,3,Passenger_177,male,,1,0,TKT97908,16.82,C42,C
178,0,2,Passenger_178,male,25.2,0,0,TKT26559,49.99,,S
179,0,3,Passenger_179,male,28.7,1,0,TKT42334,14.24,,S
180,0,1,Passenger_180,male,18.5,0,0,TKT23288,72.28,,S
181,1,2,Passenger_181,male,0.5,0,0,TKT32398,17.46,,S
182,1,1,Passenger_182,male,41.4,0,1,TKT86230,83.07,,S
183,0,3,Passenger_183,male,39.3,0,0,TKT22191,38.02,,S
184,1,3,Passenger_184,female,,1,0,TKT28051,5.0,C125,S
185,0,2,Passenger_185,male,29.9,1,0,TKT71715,19.2,,S
186,0,3,Passenger_186,male,36.2,0,0,TKT20737,9.59,C19,S
187,1,3,Passenger_187,female,,0,0,TKT75140,6.71,,C
188,0,3,Passenger_188,male,21.6,1,0,TKT35251,12.73,,S
189,1,3,Passenger_189,female,,2,0,TKT60975,9.29,C101,Q
190,1,1,Passenger_190,female,,0,0,TKT15147,14.66,,C
191,0,1,Passenger_191,male,33.1,0,0,TKT60508,24.08,,S
192,1,3,Passenger_192,male,,0,1,TKT62224,20.97,,S
193,1,3,Passenger_193,female,35.5,1,0,TKT29643,10.26,,S
194,1,3,Passenger_194,female,28.5,0,0,TKT48967,14.0,,C
195,1,2,Passenger_195,male,6.4,0,1,TKT50733,13.55,C36,S
196,0,2,Passenger_196,male,45.3,1,0,TKT94003,22.57,,Q
197,0,3,Passenger_197,male,18.7,0,0,TKT44808,5.0,,S
198,1,3,Passenger_198,female,17.7,0,1,TKT77288,6.36,,C
199,0,3,Passenger_199,male,31.8,0,0,TKT68959,8.4,,C
200,1,3,Passenger_200,female,45.1,0,0,TKT11849,5.0,,S
201,0,3,Passenger_201,female,14.8,0,0,TKT78178,5.05,C15,S
202,1,1,Passenger_202,male,29.9,0,0,TKT77136,30.54,,S
203,0,1,Passenger_203,male,,0,0,TKT70740,26.87,C89,S
204,0,3,Passenger_204,male,38.7,0,0,TKT96322,15.87,,S
205,0,3,Passenger_205,male,31.5,1,0,TKT54565,5.93,C92,C
206,1,1,Passenger_206,male,23.9,1,0,TKT30183,25.54,,S
207,0,1,Passenger_207,male,17.4,0,0,TKT11132,15.33,,Q
208,1,3,Passenger_208,female,,0,0,TKT48259,14.8,,C
209,1,1,Passenger_209,male,14.0,0,0,TKT73668,56.46,,S
210,0,1,Passenger_210,male,0.5,0,0,TKT48563,34.41,,Q
211,0,3,Passenger_211,female,,0,0,TKT20931,18.97,C126,S
212,1,3,Passenger_212,female,41.7,0,2,TKT83169,9.23,,C
213,1,3,Passenger_213,female,0.5,0,0,TKT60639,15.86,,S
214,1,1,Passenger_214,female,14.9,0,0,TKT68901,25.86,,S
215,0,3,Passenger_215,male,37.7,0,0,TKT11044,5.0,,S
216,1,1,Passenger_216,male,57.8,1,0,TKT56691,29.16,,S
217,1,2,Passenger_217,female,29.3,0,2,TKT34363,8.19,,S
218,1,3,Passenger_218,female,18.8,0,0,TKT56694,46.4,,S
219,0,3,Passenger_219,male,26.4,0,2,TKT11582,7.14,,S
220,1,3,Passenger_220,female,48.2,1,0,TKT89910,14.18,,Q
221,0,3,Passenger_221,male,20.0,1,0,TKT76844,8.95,,S
222,1,3,Passenger_222,male,17.8,0,0,TKT31301,5.0,,S
223,0,1,Passenger_223,male,22.2,0,1,TKT84329,6.5,,S
224,0,2,Passenger_224,male,15.7,0,0,TKT11620,27.78,C38,C
225,0,2,Passenger_225,male,,0,0,TKT72224,48.64,,Q
226,0,1,Passenger_226,male,,0,0,TKT66655,14.67,,S
227,0,3,Passenger_227,female,33.5,1,0,TKT47534,5.0,,S
228,0,2,Passenger_228,male,25.5,0,2,TKT49390,13.1,,S
229,1,3,Passenger_229,male,24.9,1,0,TKT81629,5.0,,S
230,1,3,Passenger_230,female,7.1,0,0,TKT65856,5.72,,C
231,0,3,Passenger_231,female,41.4,0,0,TKT59252,13.84,C42,S
232,0,3,Passenger_232,female,,1,0,TKT65809,8.71,,Q
233,1,3,Passenger_233,female,26.5,0,2,TKT32259,5.05,,S
234,1,3,Passenger_234,female,73.7,0,0,TKT30655,13.63,,Q
235,1,1,Passenger_235,male,33.2,0,0,TKT43005,39.13,,S
236,0,3,Passenger_236,male,18.5,0,1,TKT41629,7.13,,C
237,0,2,Passenger_237,male,23.0,4,0,TKT33610,18.11,,Q
238,1,1,Passenger_238,male,45.1,0,0,TKT67184,35.32,,Q
239,0,3,Passenger_239,male,30.6,4,0,TKT31602,12.16,,S
240,1,1,Passenger_240,female,,3,0,TKT95945,25.24,,S
241,0,3,Passenger_241,male,41.9,1,0,TKT21110,24.6,,S
242,0,3,Passenger_242,male,19.6,0,2,TKT16073,13.57,,S
243,0,3,Passenger_243,male,,0,0,TKT90818,6.58,C103,S
244,1,2,Passenger_244,female,,1,0,TKT20195,12.05,C63,S
245,0,1,Passenger_245,male,22.7,0,2,TKT11537,16.6,,S
246,1,3,Passenger_246,female,46.9,0,0,TKT27138,14.05,,S
247,0,2,Passenger_247,male,,0,0,TKT54328,10.63,C137,S
248,0,3,Passenger_248,male,40.9,0,0,TKT56202,6.7,C95,S
249,0,3,Passenger_249,male,35.8,0,2,TKT50164,18.93,,S
250,0,3,Passenger_250,female,17.2,0,0,TKT99743,10.32,,S
251,0,2,Passenger_251,male,,0,1,TKT64659,38.05,C11,S
252,1,2,Passenger_252,female,43.4,1,1,TKT96155,28.75,,S
253,0,3,Passenger_253,male,24.3,0,0,TKT59692,5.0,C132,C
254,1,2,Passenger_254,male,23.3,2,0,TKT34845,15.31,C86,Q
255,1,1,Passenger_255,female,15.6,1,1,TKT99846,49.06,,Q
256,1,3,Passenger_256,female,,1,0,TKT40562,5.0,,C
257,1,3,Passenger_257,female,57.9,0,1,TKT38036,12.11,C126,S
258,1,3,Passenger_258,female,,1,2,TKT70752,8.78,,S
259,1,3,Passenger_259,female,29.3,0,0,TKT84233,5.0,,S
260,1,1,Passenger_260,female,48.8,1,0,TKT93049,26.68,,S
261,0,3,Passenger_261,female,27.9,0,1,TKT78681,5.02,C78,S
262,1,3,Passenger_262,female,35.3,1,1,TKT37818,5.0,,S
263,1,1,Passenger_263,female,14.1,4,0,TKT40544,24.69,,S
264,0,3,Passenger_264,male,35.0,0,0,TKT72532,5.0,,S
265,0,3,Passenger_265,female,26.4,0,0,TKT88636,5.63,C75,C
266,0,3,Passenger_266,male,42.8,1,0,TKT67705,53.83,,S
267,1,3,Passenger_267,female,45.6,0,0,TKT30104,14.23,,S
268,1,3,Passenger_268,female,65.3,1,0,TKT79603,5.0,,S
269,1,2,Passenger_269,male,37.1,0,0,TKT69025,43.94,C56,S
270,1,2,Passenger_270,female,,0,0,TKT42317,8.21,,S
271,0,3,Passenger_271,male,31.7,3,0,TKT41416,6.13,,Q
272,0,3,Passenger_272,male,24.1,0,0,TKT52012,5.0,,S
273,0,3,Passenger_273,female,,1,0,TKT78045,10.8,,S
274,0,3,Passenger_274,male,,0,0,TKT31400,23.52,,S
275,1,3,Passenger_275,female,31.4,0,0,TKT58270,5.0,,S
276,1,3,Passenger_276,female,47.4,0,0,TKT82069,5.0,C140,C
277,0,3,Passenger_277,male,14.9,0,0,TKT59833,19.37,C24,S
278,0,3,Passenger_278,male,,1,0,TKT73644,26.78,,C
279,0,3,Passenger_279,male,47.4,0,2,TKT90206,5.0,C112,C
280,0,3,Passenger_280,male,27.3,0,0,TKT79468,12.45,,C
281,1,3,Passenger_281,female,0.5,0,2,TKT69473,10.58,C69,S
282,1,2,Passenger_282,male,20.5,1,0,TKT55809,9.48,,S
283,0,2,Passenger_283,male,47.2,0,0,TKT48328,6.2,,S
284,0,1,Passenger_284,male,28.7,1,2,TKT46784,49.12,C130,S
285,0,3,Passenger_285,male,15.0,0,0,TKT33723,10.23,C12,S
286,1,1,Passenger_286,female,21.9,0,0,TKT70646,29.31,,C
287,0,3,Passenger_287,male,,1,0,TKT76255,5.84,,C
288,1,3,Passenger_288,female,,0,0,TKT10074,5.15,,C
289,1,2,Passenger_289,male,25.7,0,0,TKT36498,5.0,,S
290,1,3,Passenger_290,female,23.9,0,0,TKT75522,7.69,,S
291,0,1,Passenger_291,male,,0,0,TKT30541,67.17,,S
292,0,1,Passenger_292,male,16.1,1,0,TKT55929,13.16,,C
293,1,3,Passenger_293,female,51.6,0,2,TKT36028,5.0,,C
294,1,2,Passenger_294,male,24.5,1,0,TKT39545,22.31,,S
295,1,1,Passenger_295,female,46.0,0,0,TKT89569,37.87,,S
296,1,3,Passenger_296,female,50.3,0,1,TKT41673,5.99,,C
297,1,3,Passenger_297,male,43.0,2,0,TKT40974,7.07,C92,Q
298,0,1,Passenger_298,male,23.0,0,0,TKT68899,29.51,,C
299,0,3,Passenger_299,female,,0,0,TKT33097,8.09,,S
300,0,1,Passenger_300,male,28.7,0,0,TKT74824,49.41,,S
301,0,1,Passenger_301,male,16.3,0,0,TKT33525,135.11,,S
302,0,3,Passenger_302,male,,0,1,TKT67804,5.0,C69,S
303,0,3,Passenger_303,male,12.5,0,2,TKT25043,21.35,,S
304,0,3,Passenger_304,male,45.6,0,0,TKT51846,9.72,,S
305,1,3,Passenger_305,female,22.5,0,0,TKT87261,23.85,C32,C
306,0,3,Passenger_306,female,31.8,0,0,TKT60227,14.98,C118,S
307,1,3,Passenger_307,female,33.0,0,0,TKT63028,9.42,,Q
308,1,2,Passenger_308,female,,0,2,TKT47383,27.99,C133,S
309,1,3,Passenger_309,male,37.2,0,0,TKT39483,6.85,,S
310,1,2,Passenger_310,female,22.4,2,0,TKT17265,9.56,C31,S
311,1,2,Passenger_311,male,,0,1,TKT32763,29.01,,S
312,1,1,Passenger_312,male,10.2,1,0,TKT85652,13.59,,S
313,0,1,Passenger_313,male,30.8,0,0,TKT25733,38.46,C84,S
314,0,3,Passenger_314,male,56.1,0,0,TKT47420,9.22,,S
315,1,3,Passenger_315,female,,0,1,TKT19247,5.0,,S
316,1,3,Passenger_316,female,19.5,0,0,TKT33840,6.04,,S
317,1,2,Passenger_317,male,,0,1,TKT75149,20.79,C84,C
318,1,1,Passenger_318,male,31.5,0,0,TKT31058,18.46,C99,S
319,1,1,Passenger_319,female,,0,1,TKT44929,5.0,,S
320,0,2,Passenger_320,male,35.8,2,1,TKT94171,41.45,,C
321,0,3,Passenger_321,male,,0,0,TKT41362,10.16,,S
322,0,3,Passenger_322,male,44.5,0,0,TKT96489,12.31,,Q
323,1,3,Passenger_323,female,,1,0,TKT94664,6.48,,S
324,1,2,Passenger_324,female,25.6,0,0,TKT57356,23.86,,C
325,0,3,Passenger_325,male,38.4,0,0,TKT87597,32.6,C53,S
326,0,3,Passenger_326,male,,1,0,TKT16041,5.39,C129,C
327,1,3,Passenger_327,female,27.1,1,0,TKT88209,28.99,,C
328,1,3,Passenger_328,female,15.4,1,0,TKT71954,11.93,,S
329,1,2,Passenger_329,male,44.5,0,0,TKT71869,8.95,,S
330,1,2,Passenger_330,female,27.3,0,0,TKT31059,77.38,C75,S
331,1,2,Passenger_331,male,0.5,2,0,TKT54722,21.63,,C
332,0,3,Passenger_332,male,40.9,0,1,TKT27548,14.49,C85,S
333,1,1,Passenger_333,female,21.5,0,0,TKT25078,20.32,,C
334,1,1,Passenger_334,male,27.7,0,0,TKT15419,14.05,C47,S
335,1,1,Passenger_335,male,33.6,0,2,TKT45490,27.59,,C
336,1,1,Passenger_336,male,31.7,0,0,TKT86086,74.22,,S
337,0,3,Passenger_337,male,38.9,0,2,TKT68760,7.27,,S
338,0,3,Passenger_338,female,22.9,0,0,TKT40337,8.86,,S
339,0,3,Passenger_339,male,36.2,0,0,TKT11468,25.01,,S
340,1,1,Passenger_340,female,,1,0,TKT34309,19.88,C24,S
341,0,3,Passenger_341,male,39.3,0,0,TKT76344,12.9,C22,S
342,0,3,Passenger_342,male,37.6,0,0,TKT82255,16.68,,S
343,0,1,Passenger_343,male,15.9,0,0,TKT91899,21.38,,C
344,1,2,Passenger_344,female,44.2,0,0,TKT38718,20.43,,C
345,0,2,Passenger_345,male,21.5,0,0,TKT47841,26.12,,S
346,1,3,Passenger_346,female,,0,0,TKT83548,6.82,,S
347,0,3,Passenger_347,male,34.1,1,0,TKT93565,15.98,,S
348,1,1,Passenger_348,female,,2,0,TKT56660,16.73,C56,S
349,1,2,Passenger_349,male,,0,0,TKT60281,10.25,,S
350,1,3,Passenger_350,female,24.1,0,2,TKT10767,5.0,,S
351,0,3,Passenger_351,female,,0,0,TKT13895,6.34,,S
352,1,3,Passenger_352,female,24.8,1,2,TKT68026,5.1,,C
353,1,3,Passenger_353,female,40.2,1,1,TKT52968,6.82,,S
354,1,1,Passenger_354,female,,0,0,TKT50097,37.65,C110,C
355,1,1,Passenger_355,male,14.2,0,0,TKT25332,7.33,,S
356,0,3,Passenger_356,male,14.1,1,0,TKT24621,5.0,,S
357,1,1,Passenger_357,male,42.3,0,0,TKT86870,14.52,,S
358,1,3,Passenger_358,female,52.9,0,0,TKT28174,12.46,,S
359,0,3,Passenger_359,male,27.5,0,0,TKT50502,11.05,C34,S
360,1,3,Passenger_360,female,,0,0,TKT46674,5.28,,S
361,0,2,Passenger_361,male,30.0,1,0,TKT47260,37.28,,S
362,0,3,Passenger_362,male,45.3,2,0,TKT52498,5.69,,S
363,0,3,Passenger_363,male,,0,0,TKT77609,12.47,,S
364,0,3,Passenger_364,female,,0,1,TKT59464,7.0,,Q
365,0,3,Passenger_365,male,42.7,0,0,TKT81805,5.0,,S
366,1,2,Passenger_366,male,36.0,0,0,TKT74919,10.77,,S
367,0,3,Passenger_367,male,31.7,0,0,TKT64469,15.09,,S
368,0,3,Passenger_368,male,43.0,0,0,TKT27194,11.62,,S
369,0,1,Passenger_369,male,0.5,0,0,TKT36811,48.31,,S
370,0,1,Passenger_370,male,38.5,0,0,TKT82377,31.59,,S
371,1,1,Passenger_371,female,19.8,0,0,TKT53723,7.94,,S
372,1,1,Passenger_372,male,3.4,0,0,TKT85235,107.78,C37,S
373,1,1,Passenger_373,male,36.2,0,2,TKT86298,31.9,,C
374,0,3,Passenger_374,male,48.2,0,2,TKT69238,12.94,C117,S
375,1,1,Passenger_375,male,27.1,4,0,TKT12147,18.84,C33,S
376,1,2,Passenger_376,male,42.3,0,0,TKT48445,35.85,,S
377,0,3,Passenger_377,male,51.6,0,0,TKT63803,5.0,,S
378,0,1,Passenger_378,male,47.4,1,0,TKT71108,37.6,,C
379,0,3,Passenger_379,male,52.0,5,0,TKT12013,5.0,,S
380,1,2,Passenger_380,female,39.4,0,0,TKT95617,26.42,,S
381,1,1,Passenger_381,female,30.1,1,2,TKT92410,11.52,,S
382,0,3,Passenger_382,female,6.6,0,0,TKT63502,10.96,,S
383,0,3,Passenger_383,male,,0,0,TKT47755,23.34,,S
384,1,3,Passenger_384,male,17.2,0,0,TKT18733,16.05,,S
385,1,3,Passenger_385,male,59.4,0,0,TKT19479,21.27,,S
386,0,3,Passenger_386,male,26.5,1,0,TKT85361,19.78,,S
387,1,2,Passenger_387,female,30.7,0,2,TKT31304,11.39,,S
388,1,1,Passenger_388,male,36.7,0,0,TKT45694,37.29,,S
389,0,3,Passenger_389,male,29.6,0,0,TKT91171,5.0,,S
390,1,3,Passenger_390,male,52.7,0,0,TKT96296,5.58,,C
391,0,3,Passenger_391,female,,0,0,TKT19490,23.92,,S
392,1,2,Passenger_392,male,31.7,1,0,TKT31252,12.56,,S
393,1,2,Passenger_393,male,18.6,1,0,TKT16862,5.0,C27,S
394,0,3,Passenger_394,male,,1,0,TKT79959,36.95,,S
395,0,2,Passenger_395,male,,1,1,TKT20450,24.38,,S
396,0,3,Passenger_396,male,28.5,0,0,TKT66022,15.41,,Q
397,0,3,Passenger_397,male,23.0,1,0,TKT71991,5.0,,S
398,1,2,Passenger_398,male,19.3,0,0,TKT50927,20.06,,S
399,1,3,Passenger_399,male,,0,1,TKT98090,10.81,,S
400,0,3,Passenger_400,male,,0,0,TKT59853,5.08,,S
401,1,1,Passenger_401,male,7.9,0,0,TKT41826,21.78,,S
402,1,3,Passenger_402,male,,0,0,TKT52879,5.0,C93,C
403,1,3,Passenger_403,female,,0,0,TKT67265,7.08,,S
404,1,3,Passenger_404,female,8.6,1,0,TKT82361,17.84,C10,S
405,0,2,Passenger_405,male,24.7,0,1,TKT87990,9.75,C95,S
406,0,3,Passenger_406,male,,0,0,TKT99787,34.3,,S
407,0,2,Passenger_407,male,33.5,2,0,TKT96184,6.02,,C
408,1,1,Passenger_408,male,47.8,0,0,TKT50736,20.45,,S
409,1,3,Passenger_409,female,2.7,0,1,TKT34530,5.7,,S
410,0,1,Passenger_410,male,30.6,0,0,TKT88052,21.63,,S
411,1,2,Passenger_411,female,,0,0,TKT57058,42.95,C139,C
412,1,3,Passenger_412,male,38.4,0,0,TKT84094,5.0,,C
413,0,3,Passenger_413,male,32.0,0,0,TKT84255,6.58,,S
414,0,3,Passenger_414,female,18.5,0,0,TKT14886,14.27,C144,S
415,1,3,Passenger_415,female,,0,0,TKT47387,9.63,,S
416,1,2,Passenger_416,female,17.9,0,0,TKT31575,18.59,C51,S
417,1,2,Passenger_417,female,44.1,0,0,TKT49643,8.37,,S
418,0,2,Passenger_418,male,29.3,0,0,TKT20100,15.64,,S
419,0,3,Passenger_419,female,55.6,1,0,TKT70356,19.93,,S
420,0,3,Passenger_420,male,,0,0,TKT17856,5.0,,S
421,0,3,Passenger_421,female,19.1,0,1,TKT48169,5.54,,Q
422,0,3,Passenger_422,male,7.8,1,2,TKT38804,5.0,,S
423,1,1,Passenger_423,female,,0,2,TKT45790,35.73,,S
424,0,3,Passenger_424,male,6.8,0,1,TKT40988,21.28,C116,S
425,0,1,Passenger_425,male,32.7,0,0,TKT86448,21.58,,S
426,0,3,Passenger_426,male,36.1,1,0,TKT48506,5.0,,S
427,1,2,Passenger_427,female,6.9,1,0,TKT97904,8.3,C143,Q
428,1,3,Passenger_428,male,41.5,0,0,TKT77306,7.33,,S
429,0,2,Passenger_429,male,,1,0,TKT22305,13.32,C123,Q
430,0,1,Passenger_430,male,31.1,0,0,TKT19969,46.45,,S
431,0,1,Passenger_431,male,51.6,0,0,TKT22404,15.36,,S
432,0,3,Passenger_432,female,41.6,0,0,TKT18989,12.24,C17,S
433,0,3,Passenger_433,male,25.2,0,0,TKT75305,7.29,,S
434,1,1,Passenger_434,female,16.5,1,2,TKT45983,14.57,,S
435,0,1,Passenger_435,male,0.5,0,0,TKT49462,19.47,,C
436,0,3,Passenger_436,male,,0,0,TKT29360,11.42,,C
437,1,1,Passenger_437,female,26.0,2,2,TKT95657,46.55,,C
438,1,3,Passenger_438,female,15.2,0,0,TKT36287,7.57,C121,C
439,0,3,Passenger_439,male,27.2,0,0,TKT75472,5.0,,C
440,0,1,Passenger_440,male,,0,0,TKT71313,49.39,,S
441,1,1,Passenger_441,female,25.9,1,0,TKT44160,13.08,C35,S
442,1,3,Passenger_442,male,19.9,1,1,TKT16789,10.83,,S
443,1,2,Passenger_443,female,31.4,0,0,TKT37181,16.16,,S
444,1,2,Passenger_444,female,35.2,0,0,TKT24385,14.72,,S
445,1,3,Passenger_445,female,13.7,0,0,TKT92597,6.42,C116,S
446,0,3,Passenger_446,male,48.8,1,0,TKT75641,13.93,,S
447,0,3,Passenger_447,female,27.6,0,2,TKT54247,5.0,,Q
448,0,3,Passenger_448,male,,0,0,TKT96673,20.0,,S
449,1,2,Passenger_449,male,38.9,2,0,TKT15544,8.68,,S
450,1,1,Passenger_450,male,32.3,0,0,TKT23275,32.64,,C
451,0,3,Passenger_451,male,,0,0,TKT73248,11.57,C44,Q
452,1,3,Passenger_452,female,,0,2,TKT44550,22.03,,S
453,1,2,Passenger_453,female,20.4,2,0,TKT63693,18.89,,C
454,0,3,Passenger_454,female,,0,0,TKT29641,5.05,,Q
455,0,1,Passenger_455,male,13.0,0,0,TKT81749,7.98,,Q
456,0,3,Passenger_456,male,,0,1,TKT90021,7.07,,Q
457,0,1,Passenger_457,male,28.5,0,0,TKT25605,6.23,,S
458,1,3,Passenger_458,female,26.1,0,1,TKT60713,5.81,C64,S
459,0,1,Passenger_459,male,27.2,0,0,TKT30390,19.99,,S
460,1,1,Passenger_460,female,2.7,5,2,TKT85403,15.14,,S
461,1,1,Passenger_461,male,,0,0,TKT68466,25.26,C102,S
462,0,3,Passenger_462,male,,0,0,TKT13981,7.65,C101,S
463,1,3,Passenger_463,female,31.2,0,0,TKT19493,7.18,,S
464,0,3,Passenger_464,male,14.6,0,0,TKT81218,5.0,,S
465,1,3,Passenger_465,female,46.7,1,2,TKT81318,5.0,,S
466,1,2,Passenger_466,female,16.9,0,1,TKT26984,25.79,,C
467,1,2,Passenger_467,male,42.6,0,0,TKT32760,28.88,C10,S
468,0,3,Passenger_468,male,35.0,0,0,TKT11524,5.0,,S
469,0,1,Passenger_469,male,,0,0,TKT59402,13.87,,S
470,0,3,Passenger_470,female,53.9,0,0,TKT75614,19.11,,S
471,0,1,Passenger_471,male,12.3,0,0,TKT45891,14.84,,Q
472,1,3,Passenger_472,male,,1,0,TKT49832,8.35,,S
473,1,1,Passenger_473,male,43.0,2,0,TKT55836,67.31,C80,S
474,0,3,Passenger_474,female,19.6,0,0,TKT83953,7.01,,S
475,0,3,Passenger_475,male,48.5,2,0,TKT23362,6.34,C128,S
476,1,3,Passenger_476,female,25.5,0,0,TKT76745,8.09,,S
477,1,1,Passenger_477,female,33.0,0,0,TKT47921,89.78,,S
478,0,3,Passenger_478,male,32.6,0,3,TKT80434,12.33,,S
479,1,3,Passenger_479,male,,0,0,TKT28562,9.15,,C
480,0,3,Passenger_480,female,40.4,0,0,TKT74510,6.25,,S
481,0,3,Passenger_481,male,40.1,0,0,TKT86407,13.16,C109,S
482,1,3,Passenger_482,female,4.5,0,1,TKT17610,14.32,,S
483,1,2,Passenger_483,male,47.3,0,0,TKT25791,7.76,,S
484,0,3,Passenger_484,male,5.7,0,0,TKT68047,14.59,,S
485,1,3,Passenger_485,female,43.5,1,0,TKT77906,8.12,,S
486,0,3,Passenger_486,male,,0,0,TKT29665,9.18,C136,C
487,0,1,Passenger_487,male,13.7,0,0,TKT80246,13.21,,S
488,1,2,Passenger_488,male,23.2,0,1,TKT75864,12.43,,C
489,0,3,Passenger_489,male,13.5,0,1,TKT56451,5.0,,S
490,0,3,Passenger_490,male,26.0,1,0,TKT96148,5.0,C19,Q
491,0,2,Passenger_491,male,24.7,0,0,TKT55890,21.41,,S
492,0,3,Passenger_492,female,,0,2,TKT16794,7.04,C64,C
493,1,2,Passenger_493,male,47.3,1,0,TKT42888,6.62,,S
494,1,1,Passenger_494,female,48.5,0,1,TKT16749,112.61,,C
495,1,3,Passenger_495,male,,0,0,TKT56531,5.0,C120,C
496,1,2,Passenger_496,female,,0,2,TKT30608,35.32,C140,S
497,0,3,Passenger_497,male,5.4,1,0,TKT90986,5.0,,S
498,1,1,Passenger_498,female,17.7,0,2,TKT79211,33.77,,S
499,0,3,Passenger_499,male,,0,0,TKT93996,7.57,,S
500,0,3,Passenger_500,male,51.6,0,0,TKT66017,5.81,,S
501,0,3,Passenger_501,male,11.7,0,2,TKT67676,10.36,,C
502,0,3,Passenger_502,male,20.7,0,0,TKT21560,9.43,,S
503,1,2,Passenger_503,male,28.6,0,0,TKT64401,9.31,,S
504,1,3,Passenger_504,male,32.9,0,0,TKT60468,5.0,,S
505,1,3,Passenger_505,female,17.7,2,1,TKT42463,5.0,,C
506,1,1,Passenger_506,male,34.9,1,2,TKT41663,30.38,,S
507,1,3,Passenger_507,male,22.4,0,0,TKT78706,5.0,C64,S
508,0,3,Passenger_508,male,28.8,1,1,TKT68773,9.05,,S
509,0,3,Passenger_509,female,36.6,0,0,TKT43123,13.66,C46,C
510,0,3,Passenger_510,male,29.1,0,0,TKT19718,10.44,,S
511,0,3,Passenger_511,male,22.9,0,0,TKT72637,5.44,,S
512,0,2,Passenger_512,male,27.5,1,0,TKT10028,31.07,C131,S
513,1,3,Passenger_513,female,27.8,1,0,TKT72370,6.78,,C
514,1,3,Passenger_514,female,23.8,0,3,TKT57599,5.0,C130,Q
515,0,1,Passenger_515,male,25.4,2,0,TKT27397,20.11,,S
516,1,1,Passenger_516,female,51.4,0,0,TKT55406,36.99,C86,S
517,1,2,Passenger_517,female,36.9,1,2,TKT57657,10.26,,C
518,1,3,Passenger_518,male,,3,0,TKT77560,16.69,C100,S
519,0,3,Passenger_519,female,38.8,0,1,TKT23503,5.26,,S
520,0,1,Passenger_520,male,24.3,1,0,TKT64943,15.74,,C
521,0,3,Passenger_521,male,45.4,0,1,TKT85839,5.0,,Q
522,0,2,Passenger_522,male,34.2,0,0,TKT92674,26.54,,S
523,0,3,Passenger_523,male,27.5,0,2,TKT35345,8.69,,S
524,0,3,Passenger_524,male,35.3,0,0,TKT60390,5.0,,S
525,1,3,Passenger_525,female,7.0,2,0,TKT69557,6.84,,S
526,0,3,Passenger_526,male,13.2,0,0,TKT75054,5.0,C20,C
527,0,2,Passenger_527,male,12.3,0,0,TKT11906,28.35,,C
528,0,2,Passenger_528,male,31.0,1,0,TKT50167,14.59,C140,C
529,1,1,Passenger_529,female,53.3,2,0,TKT17961,5.0,C96,S
530,0,3,Passenger_530,male,60.2,0,0,TKT36140,5.0,,S
531,1,3,Passenger_531,male,37.9,3,0,TKT68701,6.72,C115,S
532,0,3,Passenger_532,male,36.0,0,0,TKT87567,5.0,,S
533,0,3,Passenger_533,male,3.8,1,0,TKT90664,15.73,,C
534,0,3,Passenger_534,female,21.4,0,0,TKT91199,12.1,C32,S
535,1,3,Passenger_535,female,18.0,0,0,TKT91218,11.61,,S
536,0,3,Passenger_536,male,20.3,0,0,TKT90729,5.0,,S
537,1,3,Passenger_537,female,26.6,0,0,TKT38561,6.25,,Q
538,0,2,Passenger_538,male,22.4,0,0,TKT60568,10.09,,C
539,0,2,Passenger_539,female,1.3,0,0,TKT83302,8.43,C87,C
540,0,1,Passenger_540,male,,0,1,TKT39504,18.35,,S
541,0,3,Passenger_541,male,14.0,1,0,TKT47146,5.0,,S
542,0,3,Passenger_542,male,,0,0,TKT50297,10.49,C137,S
543,1,1,Passenger_543,female,58.0,0,0,TKT96394,41.95,,S
544,1,3,Passenger_544,male,16.1,0,0,TKT78607,14.53,,S
545,0,3,Passenger_545,male,0.5,0,0,TKT26939,8.19,,S
546,0,2,Passenger_546,male,25.0,1,0,TKT60715,66.65,,S
547,1,1,Passenger_547,female,44.4,1,0,TKT54460,54.49,,S
548,0,3,Passenger_548,male,56.4,0,0,TKT76576,8.41,,S
549,0,3,Passenger_549,female,,0,0,TKT78222,6.44,,S
550,1,3,Passenger_550,female,36.0,1,0,TKT22666,23.03,,S
551,0,3,Passenger_551,male,22.5,0,0,TKT72119,18.27,,S
552,0,3,Passenger_552,female,27.5,1,0,TKT45321,5.0,,S
553,0,3,Passenger_553,male,66.0,0,2,TKT11779,19.3,,S
554,0,3,Passenger_554,female,,1,0,TKT23186,8.1,,C
555,0,3,Passenger_555,male,32.6,0,0,TKT26459,5.0,C80,C
556,1,2,Passenger_556,female,35.5,0,2,TKT96246,5.0,,S
557,1,1,Passenger_557,female,,2,0,TKT97755,20.32,,S
558,1,1,Passenger_558,female,30.4,0,0,TKT15057,24.32,,S
559,1,3,Passenger_559,female,33.3,0,1,TKT70663,27.42,,S
560,0,3,Passenger_560,male,23.5,0,1,TKT28733,17.64,C30,C
561,0,3,Passenger_561,male,32.8,0,0,TKT29157,6.0,C91,S
562,1,1,Passenger_562,female,24.2,0,0,TKT45030,32.22,,S
563,0,1,Passenger_563,male,37.7,0,0,TKT29613,43.74,,S
564,1,1,Passenger_564,male,23.8,0,2,TKT93028,26.05,,S
565,1,2,Passenger_565,female,34.3,0,0,TKT96282,10.9,C123,S
566,0,3,Passenger_566,female,28.6,1,0,TKT15188,6.22,,S
567,1,2,Passenger_567,female,44.8,0,1,TKT39680,21.54,C42,S
568,0,2,Passenger_568,male,28.3,0,0,TKT70119,21.96,C56,S
569,0,3,Passenger_569,female,4.2,0,0,TKT84400,7.35,,Q
570,0,2,Passenger_570,male,46.7,0,0,TKT65718,5.0,,C
571,0,3,Passenger_571,female,16.3,0,0,TKT46445,5.0,,S
572,0,3,Passenger_572,male,19.8,0,1,TKT15796,13.93,,S
573,1,2,Passenger_573,female,20.7,0,0,TKT57218,5.0,C66,S
574,1,3,Passenger_574,female,,0,1,TKT49131,20.68,,S
575,1,3,Passenger_575,male,0.5,0,0,TKT18123,18.64,,S
576,1,3,Passenger_576,female,,0,0,TKT18222,9.29,,S
577,1,1,Passenger_577,male,43.8,0,2,TKT34074,37.28,,C
578,0,3,Passenger_578,female,32.1,0,0,TKT39825,13.07,,S
579,1,3,Passenger_579,female,28.2,0,0,TKT46839,8.32,,S
580,0,2,Passenger_580,male,33.0,0,0,TKT78322,6.29,,S
581,1,3,Passenger_581,female,36.3,1,1,TKT66321,17.76,,S
582,1,3,Passenger_582,female,38.0,0,0,TKT35988,24.17,,S
583,1,3,Passenger_583,male,,0,0,TKT45507,5.0,,C
584,1,2,Passenger_584,male,30.3,0,0,TKT33806,6.12,,Q
585,1,3,Passenger_585,female,,0,0,TKT46901,8.2,C114,S
586,1,1,Passenger_586,female,26.9,0,1,TKT27043,15.83,C16,S
587,1,1,Passenger_587,female,26.3,0,0,TKT85761,27.15,,Q
588,1,1,Passenger_588,female,44.9,1,0,TKT19752,57.15,,S
589,0,1,Passenger_589,male,37.3,0,0,TKT78993,5.09,,C
590,1,1,Passenger_590,female,,2,0,TKT52616,74.21,,S
591,0,1,Passenger_591,male,38.2,0,2,TKT62127,18.45,,S
592,0,3,Passenger_592,male,,0,0,TKT84777,12.91,,S
593,1,1,Passenger_593,male,28.7,0,3,TKT10453,37.83,,S
594,0,2,Passenger_594,male,23.6,0,0,TKT85432,27.52,,C
595,0,3,Passenger_595,male,,0,0,TKT97362,9.42,,S
596,0,3,Passenger_596,male,42.3,0,2,TKT20976,11.1,,S
597,0,3,Passenger_597,female,18.2,0,0,TKT80404,11.05,,S
598,1,1,Passenger_598,male,34.7,2,0,TKT91932,15.78,,C
599,0,1,Passenger_599,male,15.4,1,3,TKT87707,7.17,,S
600,0,1,Passenger_600,male,9.7,0,0,TKT99647,10.45,,C
601,0,1,Passenger_601,male,20.2,0,0,TKT43688,22.81,C18,S
602,0,2,Passenger_602,male,41.1,0,0,TKT96840,9.48,,S
603,0,1,Passenger_603,male,42.3,0,0,TKT12017,14.17,,S
604,1,1,Passenger_604,male,,0,0,TKT17957,86.44,,S
605,1,1,Passenger_605,female,39.2,0,0,TKT14792,44.76,,S
606,1,3,Passenger_606,male,36.2,0,0,TKT65982,7.57,,S
607,0,1,Passenger_607,male,20.0,0,1,TKT23237,39.27,,S
608,0,2,Passenger_608,male,,4,0,TKT61586,12.25,C86,S
609,0,3,Passenger_609,female,40.2,1,0,TKT91787,9.75,,S
610,0,3,Passenger_610,male,39.6,2,0,TKT29252,12.29,,S
611,1,1,Passenger_611,male,45.6,0,0,TKT20707,18.31,,S
612,0,3,Passenger_612,male,38.9,0,0,TKT44206,5.59,,S
613,1,3,Passenger_613,male,33.9,0,1,TKT13543,21.26,,Q
614,1,1,Passenger_614,male,44.0,0,0,TKT54135,37.71,C134,S
615,1,3,Passenger_615,male,,0,1,TKT45031,5.0,,S
616,0,3,Passenger_616,male,16.7,0,2,TKT52929,5.65,C61,S
617,1,1,Passenger_617,male,26.7,0,0,TKT75747,14.2,,S
618,1,2,Passenger_618,male,18.6,0,0,TKT67851,10.65,,S
619,1,3,Passenger_619,female,19.5,0,0,TKT65311,16.51,,S
620,1,3,Passenger_620,female,27.0,0,0,TKT75867,9.15,C77,S
621,0,1,Passenger_621,female,17.9,0,1,TKT98780,9.27,,S
622,1,1,Passenger_622,female,24.7,0,2,TKT67196,18.76,,Q
623,0,2,Passenger_623,male,2.5,0,0,TKT83705,24.03,,Q
624,0,3,Passenger_624,male,32.0,0,0,TKT67894,7.74,C99,S
625,0,3,Passenger_625,male,29.0,2,2,TKT97640,5.75,,S
626,1,2,Passenger_626,female,,0,2,TKT24591,20.74,,C
627,1,3,Passenger_627,female,38.2,1,0,TKT58893,28.01,,Q
628,0,3,Passenger_628,male,42.1,0,0,TKT10727,12.47,,S
629,1,1,Passenger_629,female,6.5,0,0,TKT31359,60.99,,S
630,1,2,Passenger_630,male,18.3,0,2,TKT53822,10.98,,Q
631,1,3,Passenger_631,female,18.2,0,0,TKT98534,8.97,,S
632,0,3,Passenger_632,male,15.8,0,0,TKT20929,8.85,,S
633,0,3,Passenger_633,male,40.6,1,0,TKT70091,9.81,,S
634,1,3,Passenger_634,male,26.3,0,0,TKT90378,12.28,C121,Q
635,1,1,Passenger_635,male,25.3,0,0,TKT33519,12.89,,C
636,0,2,Passenger_636,male,0.9,0,4,TKT27393,25.87,,C
637,1,3,Passenger_637,male,37.9,2,0,TKT44318,5.0,C114,C
638,1,1,Passenger_638,female,11.7,0,0,TKT84531,9.63,C132,S
639,0,2,Passenger_639,male,29.8,0,0,TKT57934,73.33,,C
640,1,2,Passenger_640,male,32.9,0,0,TKT91103,11.51,,S
641,1,1,Passenger_641,male,48.0,1,0,TKT38840,40.88,,Q
642,1,2,Passenger_642,female,10.7,4,0,TKT99367,53.99,,S
643,1,1,Passenger_643,male,0.5,0,0,TKT23265,5.0,,C
644,0,2,Passenger_644,male,31.6,1,0,TKT15424,36.18,,S
645,0,1,Passenger_645,male,54.2,1,0,TKT30625,38.64,,S
646,1,3,Passenger_646,male,46.3,0,0,TKT89622,28.45,,S
647,1,3,Passenger_647,female,31.9,0,2,TKT39187,5.0,C77,S
648,0,3,Passenger_648,male,22.1,0,2,TKT45929,24.93,,C
649,1,3,Passenger_649,male,40.3,3,0,TKT71892,5.38,,S
650,1,3,Passenger_650,female,15.4,0,0,TKT30539,18.88,,S
651,1,1,Passenger_651,male,35.7,1,2,TKT66630,23.92,,S
652,0,3,Passenger_652,male,36.1,0,0,TKT19215,15.48,,Q
653,1,3,Passenger_653,male,43.8,1,1,TKT49385,9.34,,S
654,1,3,Passenger_654,female,67.6,0,2,TKT97580,5.0,C71,C
655,1,2,Passenger_655,male,34.5,0,0,TKT87462,5.0,,C
656,1,1,Passenger_656,female,21.9,1,0,TKT35008,28.42,C132,C
657,1,2,Passenger_657,male,28.6,1,2,TKT58928,13.67,,S
658,1,2,Passenger_658,male,4.2,1,0,TKT93096,21.73,,C
659,0,3,Passenger_659,male,,0,0,TKT99876,7.56,,S
660,0,3,Passenger_660,female,23.3,1,0,TKT34976,37.06,,C
661,0,2,Passenger_661,male,21.7,0,0,TKT37626,19.32,,C
662,0,3,Passenger_662,female,31.1,0,0,TKT69789,6.6,C57,S
663,0,3,Passenger_663,female,17.5,0,0,TKT14700,11.43,C108,S
664,0,1,Passenger_664,male,44.7,0,4,TKT73645,18.17,,S
665,1,1,Passenger_665,male,29.0,0,0,TKT83396,26.18,,S
666,1,1,Passenger_666,male,28.9,5,0,TKT17526,10.46,,S
667,0,2,Passenger_667,male,24.4,0,0,TKT49500,16.35,,C
668,0,1,Passenger_668,female,31.2,0,0,TKT78049,17.56,,S
669,1,1,Passenger_669,female,,0,0,TKT83366,11.18,C104,S
670,1,2,Passenger_670,male,16.9,0,2,TKT90317,65.56,,Q
671,1,1,Passenger_671,male,19.8,0,1,TKT69117,11.49,,C
672,1,3,Passenger_672,female,24.7,2,0,TKT66096,9.07,C63,S
673,0,1,Passenger_673,male,10.2,1,0,TKT17910,13.99,C71,C
674,1,3,Passenger_674,female,,1,0,TKT91383,11.11,,S
675,0,2,Passenger_675,male,22.3,4,0,TKT81185,6.74,C77,S
676,0,3,Passenger_676,female,41.2,0,0,TKT60248,16.25,,
677,1,1,Passenger_677,male,,0,0,TKT84656,102.03,C64,S
678,0,2,Passenger_678,male,31.7,0,3,TKT11951,9.14,,S
679,0,3,Passenger_679,male,40.9,0,0,TKT75212,21.16,,Q
680,0,3,Passenger_680,male,27.1,0,0,TKT85701,6.91,,C
681,0,3,Passenger_681,male,34.5,0,1,TKT89888,25.9,C94,S
682,1,2,Passenger_682,female,27.6,0,0,TKT85282,76.09,C92,S
683,1,1,Passenger_683,female,32.7,0,0,TKT51954,20.83,C147,S
684,1,3,Passenger_684,male,20.8,0,0,TKT99719,5.0,,S
685,0,3,Passenger_685,male,0.5,0,0,TKT18804,17.53,C80,C
686,1,3,Passenger_686,male,,0,1,TKT10595,10.56,C131,S
687,0,3,Passenger_687,male,48.9,0,0,TKT39592,12.82,,S
688,0,2,Passenger_688,male,42.0,0,1,TKT50643,12.96,C79,S
689,0,3,Passenger_689,male,42.5,1,0,TKT72665,5.0,,S
690,0,1,Passenger_690,male,46.3,0,0,TKT30823,55.27,,S
691,1,2,Passenger_691,male,,0,1,TKT15972,20.57,C127,S
692,0,2,Passenger_692,male,31.8,1,0,TKT25882,5.99,,S
693,0,3,Passenger_693,male,20.4,0,0,TKT76394,14.6,,S
694,1,1,Passenger_694,female,24.6,0,0,TKT81055,34.48,,S
695,1,1,Passenger_695,male,,1,0,TKT33769,19.54,,S
696,1,3,Passenger_696,female,45.9,0,0,TKT35020,28.05,C143,C
697,1,2,Passenger_697,male,27.0,1,0,TKT52748,10.67,C42,Q
698,0,3,Passenger_698,male,22.7,1,0,TKT95374,8.02,,C
699,1,1,Passenger_699,female,29.0,0,0,TKT54912,42.02,,S
700,1,3,Passenger_700,female,,0,2,TKT22879,9.52,,S
701,0,3,Passenger_701,female,,0,0,TKT43798,5.0,,S
702,1,1,Passenger_702,male,,0,1,TKT99826,27.9,C72,Q
703,0,2,Passenger_703,male,21.3,0,0,TKT56073,12.3,,S
704,0,1,Passenger_704,female,11.9,0,0,TKT85791,44.7,,S
705,0,1,Passenger_705,male,21.9,0,1,TKT76983,27.27,,S
706,1,3,Passenger_706,male,,0,0,TKT53005,9.64,,S
707,1,2,Passenger_707,male,,0,0,TKT12850,7.89,,S
708,0,3,Passenger_708,male,,0,0,TKT38400,7.68,,S
709,1,2,Passenger_709,female,33.6,0,0,TKT21953,32.43,,C
710,1,3,Passenger_710,male,33.2,1,0,TKT33535,5.24,,S
711,0,3,Passenger_711,male,37.7,0,0,TKT85536,8.82,C131,C
712,0,3,Passenger_712,male,13.1,0,1,TKT85039,5.0,,S
713,0,3,Passenger_713,male,43.5,2,0,TKT91029,5.0,,Q
714,1,2,Passenger_714,male,27.9,0,2,TKT14055,15.5,,S
715,0,2,Passenger_715,male,38.4,0,2,TKT48170,18.57,,S
716,1,3,Passenger_716,male,,0,0,TKT38251,36.44,C118,S
717,1,3,Passenger_717,female,,0,0,TKT14532,6.56,,S
718,0,3,Passenger_718,male,40.5,0,2,TKT14924,8.71,,S
719,1,1,Passenger_719,male,,0,2,TKT58037,10.23,,S
720,1,3,Passenger_720,female,16.4,0,0,TKT88082,13.85,,S
721,1,3,Passenger_721,female,16.8,1,0,TKT81621,11.93,C95,S
722,0,1,Passenger_722,male,44.8,0,0,TKT87926,69.54,,C
723,0,1,Passenger_723,male,12.3,0,0,TKT88816,53.42,C97,C
724,0,3,Passenger_724,male,,1,0,TKT99654,11.54,,S
725,0,3,Passenger_725,female,16.4,0,0,TKT80400,6.49,,S
726,1,3,Passenger_726,female,37.9,1,0,TKT20702,10.42,,C
727,1,1,Passenger_727,female,24.4,0,0,TKT25385,22.7,C41,S
728,0,3,Passenger_728,male,37.4,1,0,TKT19336,17.59,,S
729,1,1,Passenger_729,female,21.4,0,0,TKT75421,43.74,,S
730,1,1,Passenger_730,male,,1,0,TKT41225,19.94,C95,S
731,0,1,Passenger_731,male,29.6,2,0,TKT46021,8.82,C90,S
732,1,3,Passenger_732,male,15.0,0,0,TKT13782,22.95,,S
733,1,3,Passenger_733,female,39.4,0,0,TKT98877,13.56,,S
734,1,3,Passenger_734,male,21.8,0,0,TKT99630,7.22,,S
735,1,2,Passenger_735,female,25.8,0,2,TKT59111,24.05,,Q
736,0,3,Passenger_736,male,15.1,0,0,TKT99402,9.51,,S
737,0,2,Passenger_737,male,0.5,0,0,TKT94585,41.39,,S
738,0,3,Passenger_738,male,26.3,0,0,TKT52719,5.0,,S
739,0,2,Passenger_739,male,,0,3,TKT59037,12.45,C44,S
740,1,2,Passenger_740,female,40.0,0,0,TKT90103,50.37,,S
741,0,3,Passenger_741,male,28.7,0,0,TKT13513,13.39,,S
742,1,2,Passenger_742,female,25.3,0,0,TKT23335,56.87,,S
743,1,3,Passenger_743,female,,0,0,TKT54140,5.0,C57,S
744,0,3,Passenger_744,female,36.7,0,0,TKT90373,19.12,,S
745,0,1,Passenger_745,male,12.5,0,0,TKT87658,49.83,,S
746,0,3,Passenger_746,male,44.6,0,0,TKT44840,5.0,,C
747,0,2,Passenger_747,male,,0,0,TKT41007,13.37,,S
748,1,3,Passenger_748,female,39.1,0,0,TKT66947,8.38,C68,S
749,1,3,Passenger_749,female,35.1,1,0,TKT36393,5.0,,S
750,1,3,Passenger_750,male,29.3,0,1,TKT67480,7.45,C117,S
751,1,1,Passenger_751,female,38.4,0,0,TKT98290,45.21,,Q
752,0,3,Passenger_752,male,,0,1,TKT96335,6.86,,S
753,0,3,Passenger_753,male,24.0,1,0,TKT19107,10.69,,S
754,0,2,Passenger_754,male,21.0,2,0,TKT15993,19.58,,S
755,1,1,Passenger_755,female,30.4,0,0,TKT62066,24.32,,S
756,0,3,Passenger_756,male,50.7,0,2,TKT52942,5.51,C131,S
757,1,3,Passenger_757,female,,1,0,TKT26138,14.31,C38,S
758,1,3,Passenger_758,female,8.5,0,0,TKT54527,5.0,,S
759,1,3,Passenger_759,female,31.3,0,0,TKT19190,9.08,,Q
760,0,3,Passenger_760,male,,0,0,TKT88422,23.8,,S
761,0,1,Passenger_761,male,31.4,0,0,TKT65698,17.94,,S
762,1,2,Passenger_762,male,32.4,2,0,TKT92315,9.88,,Q
763,1,2,Passenger_763,male,,5,0,TKT39086,27.33,,C
764,0,3,Passenger_764,male,49.9,1,0,TKT27322,10.12,C18,S
765,1,1,Passenger_765,female,6.6,0,0,TKT93569,41.34,C28,S
766,1,3,Passenger_766,male,17.4,1,0,TKT95610,9.27,,C
767,0,3,Passenger_767,male,27.6,0,0,TKT13435,5.0,,S
768,1,3,Passenger_768,male,6.0,0,0,TKT63331,20.61,,S
769,0,2,Passenger_769,male,26.5,1,0,TKT38942,70.04,,C
770,0,3,Passenger_770,male,52.3,0,0,TKT69635,22.17,C22,S
771,1,1,Passenger_771,male,,0,2,TKT39059,5.0,,S
772,1,3,Passenger_772,female,32.2,0,2,TKT67557,12.38,,S
773,0,1,Passenger_773,male,11.4,1,1,TKT62389,17.69,,S
774,1,2,Passenger_774,female,20.4,0,0,TKT63014,7.7,,C
775,0,3,Passenger_775,female,23.7,0,0,TKT42826,9.83,C46,S
776,1,1,Passenger_776,male,24.6,0,0,TKT40297,22.1,,C
777,1,1,Passenger_777,female,46.9,1,0,TKT53890,35.02,,S
778,0,3,Passenger_778,male,36.8,1,0,TKT31322,9.39,,S
779,0,3,Passenger_779,female,13.4,0,1,TKT45739,5.0,,S
780,0,3,Passenger_780,male,32.5,0,1,TKT19719,6.03,C50,S
781,0,3,Passenger_781,female,36.0,0,1,TKT89553,5.38,C115,Q
782,1,3,Passenger_782,female,45.0,3,0,TKT18314,5.0,,S
783,1,2,Passenger_783,female,51.1,0,0,TKT85164,6.3,,S
784,1,2,Passenger_784,female,14.8,2,0,TKT87028,14.19,C10,S
785,0,1,Passenger_785,male,17.6,0,0,TKT46113,66.46,C47,C
786,0,3,Passenger_786,male,11.4,1,0,TKT25357,6.2,,S
787,0,3,Passenger_787,male,25.7,1,0,TKT30365,5.31,,S
788,1,2,Passenger_788,male,,1,0,TKT49029,7.19,,S
789,1,3,Passenger_789,female,42.8,2,0,TKT11737,9.22,,S
790,1,3,Passenger_790,male,27.9,0,0,TKT84632,20.6,,S
791,0,1,Passenger_791,female,24.5,0,1,TKT95474,99.67,,S
792,0,3,Passenger_792,male,31.1,0,0,TKT88218,11.02,,C
793,0,3,Passenger_793,female,17.3,1,1,TKT37499,9.95,,S
794,0,3,Passenger_794,male,58.3,0,0,TKT56157,6.17,,S
795,1,1,Passenger_795,female,6.5,0,0,TKT66247,18.85,,S
796,0,3,Passenger_796,female,,0,0,TKT51034,14.02,C67,S
797,0,3,Passenger_797,male,57.3,0,0,TKT10294,7.24,,C
798,0,3,Passenger_798,male,,0,3,TKT34596,8.06,,S
799,0,3,Passenger_799,female,26.3,0,0,TKT21434,8.87,C135,S
800,0,3,Passenger_800,male,24.0,1,0,TKT68382,5.97,,S
801,0,3,Passenger_801,male,26.5,0,0,TKT48098,8.56,,S
802,1,1,Passenger_802,male,48.2,0,2,TKT14655,5.97,,S
803,0,3,Passenger_803,male,0.5,0,0,TKT93029,13.25,C89,S
804,0,3,Passenger_804,male,50.5,0,0,TKT56228,46.82,,S
805,1,2,Passenger_805,male,9.1,1,0,TKT13771,11.17,,C
806,0,3,Passenger_806,male,25.3,1,0,TKT84099,11.72,,S
807,0,3,Passenger_807,male,,0,0,TKT66799,16.38,C78,S
808,1,3,Passenger_808,female,37.2,1,0,TKT72257,22.11,,C
809,0,2,Passenger_809,male,,1,0,TKT27558,13.67,,S
810,1,1,Passenger_810,female,35.5,1,1,TKT68436,6.94,,S
811,0,3,Passenger_811,male,57.3,0,0,TKT42376,10.88,,S
812,1,3,Passenger_812,male,9.9,2,0,TKT97458,9.88,,S
813,1,1,Passenger_813,male,31.7,0,0,TKT87924,19.26,,S
814,0,3,Passenger_814,male,19.7,0,0,TKT39332,8.22,,S
815,0,3,Passenger_815,male,35.0,0,0,TKT56737,9.98,,C
816,0,3,Passenger_816,male,,0,0,TKT99031,11.63,,S
817,0,3,Passenger_817,male,20.0,0,0,TKT83970,11.29,,S
818,1,2,Passenger_818,male,35.8,0,0,TKT61952,14.12,C126,S
819,1,1,Passenger_819,female,54.3,0,0,TKT30991,32.1,,S
820,0,2,Passenger_820,male,26.3,1,0,TKT37472,13.47,C143,S
821,1,3,Passenger_821,male,39.1,1,0,TKT69946,14.15,C80,S
822,1,1,Passenger_822,female,10.9,0,0,TKT36849,15.81,C62,S
823,1,2,Passenger_823,male,15.6,1,0,TKT11541,17.31,,C
824,0,2,Passenger_824,male,35.6,1,2,TKT12765,5.28,C82,S
825,1,3,Passenger_825,female,,1,1,TKT53074,6.97,,S
826,0,3,Passenger_826,male,,0,0,TKT39283,13.43,,C
827,1,2,Passenger_827,female,24.6,1,0,TKT10769,7.98,,S
828,1,2,Passenger_828,female,,2,1,TKT27806,13.14,,C
829,0,3,Passenger_829,male,11.5,1,1,TKT12972,5.0,,C
830,0,2,Passenger_830,male,37.5,0,1,TKT28256,6.31,,S
831,0,1,Passenger_831,male,41.4,0,0,TKT28653,11.31,,Q
832,0,2,Passenger_832,male,22.7,0,0,TKT96669,17.66,,S
833,0,1,Passenger_833,male,22.4,0,1,TKT49339,30.98,,S
834,1,1,Passenger_834,female,32.7,0,0,TKT35757,23.59,,C
835,0,3,Passenger_835,male,22.9,0,0,TKT52399,6.9,C141,S
836,0,2,Passenger_836,male,,1,0,TKT54013,12.61,,S
837,0,3,Passenger_837,female,58.4,1,0,TKT24706,14.9,,S
838,1,2,Passenger_838,female,25.5,0,0,TKT48231,19.09,,C
839,1,3,Passenger_839,male,24.0,2,0,TKT37909,7.14,,C
840,1,3,Passenger_840,male,19.9,0,0,TKT86631,22.32,C74,S
841,0,1,Passenger_841,male,39.4,0,0,TKT67572,96.06,,Q
842,0,3,Passenger_842,male,26.5,1,0,TKT95879,5.0,,S
843,1,1,Passenger_843,male,,1,0,TKT73767,35.37,,S
844,0,3,Passenger_844,male,,2,0,TKT36469,78.49,,S
845,1,1,Passenger_845,female,48.9,0,0,TKT11313,29.85,,C
846,0,2,Passenger_846,male,20.6,1,1,TKT17847,17.83,,S
847,1,1,Passenger_847,male,2.9,0,0,TKT60222,23.59,,S
848,0,3,Passenger_848,male,43.1,1,0,TKT84702,12.72,,C
849,0,3,Passenger_849,male,,1,0,TKT19930,15.31,C27,Q
850,1,3,Passenger_850,female,,0,1,TKT13285,5.0,,S
851,1,1,Passenger_851,female,1.4,0,0,TKT45863,24.08,,S
852,1,3,Passenger_852,female,41.5,1,0,TKT26704,5.0,C101,Q
853,1,1,Passenger_853,male,12.0,0,0,TKT28705,21.19,,C
854,0,3,Passenger_854,male,39.2,0,0,TKT10555,5.0,,S
855,1,1,Passenger_855,male,29.2,1,1,TKT31323,31.11,,C
856,0,1,Passenger_856,male,15.6,0,1,TKT80968,7.69,,C
857,1,1,Passenger_857,male,23.3,1,0,TKT76922,17.14,,Q
858,1,3,Passenger_858,female,,0,0,TKT63915,17.75,,C
859,0,3,Passenger_859,male,30.5,0,0,TKT20619,5.62,,S
860,1,1,Passenger_860,male,37.2,1,0,TKT82390,6.47,,S
861,0,3,Passenger_861,male,56.7,0,0,TKT69274,10.81,C121,S
862,0,2,Passenger_862,male,7.1,0,0,TKT83173,10.91,,S
863,1,3,Passenger_863,male,51.6,1,0,TKT31225,7.92,,C
864,1,2,Passenger_864,female,,0,0,TKT36739,9.87,,Q
865,1,2,Passenger_865,female,,0,2,TKT57708,65.5,,S
866,0,3,Passenger_866,female,10.4,0,0,TKT63019,5.0,,S
867,1,1,Passenger_867,male,26.4,1,1,TKT86154,178.3,,S
868,0,1,Passenger_868,male,,1,0,TKT17373,18.66,,S
869,0,3,Passenger_869,male,27.2,1,0,TKT45281,10.26,,S
870,0,3,Passenger_870,male,50.2,0,0,TKT30187,6.04,,S
871,1,2,Passenger_871,female,8.7,1,0,TKT77863,10.68,,S
872,0,2,Passenger_872,male,,0,0,TKT94085,9.49,C144,S
873,0,3,Passenger_873,male,11.5,1,0,TKT49220,13.75,,S
874,0,2,Passenger_874,male,34.1,0,4,TKT17642,6.13,C47,C
875,1,1,Passenger_875,male,41.4,1,0,TKT89971,31.65,,S
876,1,1,Passenger_876,female,23.1,1,0,TKT65556,5.32,,S
877,1,3,Passenger_877,male,0.5,0,2,TKT43760,10.93,,S
878,0,3,Passenger_878,male,31.8,0,0,TKT48192,16.35,,S
879,0,1,Passenger_879,male,35.1,1,0,TKT14381,10.05,,C
880,1,1,Passenger_880,male,34.7,0,0,TKT29558,39.45,,S
881,1,1,Passenger_881,female,46.3,2,1,TKT40782,25.43,,C
882,1,3,Passenger_882,female,,0,2,TKT14782,27.63,,S
883,1,1,Passenger_883,female,38.5,0,2,TKT64712,13.48,C140,S
884,0,1,Passenger_884,female,45.7,0,0,TKT29462,176.12,,S
885,1,3,Passenger_885,male,,0,1,TKT70030,5.0,,S
886,1,1,Passenger_886,female,33.5,2,0,TKT78519,19.48,,S
887,0,3,Passenger_887,male,21.9,0,0,TKT66411,5.0,,C
888,0,1,Passenger_888,male,27.9,1,0,TKT65206,89.63,,S
889,1,1,Passenger_889,female,,0,0,TKT56950,20.43,,S
890,0,1,Passenger_890,male,22.2,0,3,TKT12523,21.75,,C
891,1,3,Passenger_891,female,,0,2,TKT70926,12.31,,Q
