marca,modelo,anio,precio,kilometraje,tipo,color,condicion,ventas
Nissan,Sentra,2022,21000.0,51816.0,Pickup,Azul,Bueno,369
Chevrolet,Equinox,2020,35500.0,14561.0,Sedán,Rojo,Excelente,407
Kia,Forte,2017,15800.0,27957.0,Pickup,Azul,Excelente,418
Kia,Sorento,2016,6100.0,147248.0,SUV,Rojo,Malo,356
Nissan,Sentra,2022,28700.0,9726.0,SUV,Plateado,Excelente,328
Mercedes,GLE,2018,44500.0,21070.0,Hatchback,Plateado,Excelente,263
Hyundai,Tucson,2021,19000.0,45975.0,SUV,Azul,Bueno,323
Hyundai,Tucson,2023,22900.0,28412.0,Sedán,Blanco,Excelente,343
Kia,Sorento,2023,22300.0,73603.0,Pickup,Blanco,Bueno,315
BMW,X3,2021,45600.0,55479.0,SUV,Blanco,Bueno,312
Nissan,Rogue,2022,24900.0,57068.0,Sedán,Gris,Bueno,366
BMW,530i,2017,36300.0,76752.0,Pickup,Blanco,Bueno,259
Volkswagen,Tiguan,2017,31200.0,9227.0,Hatchback,Plateado,Excelente,326
BMW,530i,2021,50700.0,32014.0,Hatchback,Negro,Bueno,304
Volkswagen,Jetta,2023,33900.0,13643.0,Hatchback,Negro,Excelente,345
Nissan,Sentra,2021,20300.0,113105.0,Sedán,Gris,Regular,316
Nissan,Altima,2022,22900.0,43782.0,Hatchback,Gris,Bueno,361
Mercedes,C200,2018,44200.0,31923.0,Sedán,Blanco,Bueno,296
Toyota,Corolla,2016,22000.0,29676.0,Pickup,Plateado,Excelente,377
Honda,Civic,2020,24700.0,22402.0,Sedán,Plateado,Excelente,355
Hyundai,Elantra,2018,5000.0,196613.0,Sedán,Blanco,Malo,325
Mercedes,C200,2017,48000.0,52318.0,Pickup,Gris,Bueno,228
Chevrolet,Equinox,2018,21400.0,133956.0,Sedán,Gris,Malo,300
Kia,Forte,2016,5600.0,125439.0,Hatchback,Negro,Regular,406
Kia,Forte,2016,5000.0,,Sedán,Blanco,Malo,351
Ford,Explorer,2017,24100.0,98505.0,Pickup,Blanco,Regular,373
Hyundai,Tucson,2022,20000.0,49519.0,SUV,Plateado,Bueno,336
Ford,F-150,2023,34200.0,19406.0,Hatchback,Gris,Excelente,302
Toyota,Camry,2017,22500.0,51563.0,Pickup,Gris,Bueno,359
Honda,Civic,2015,15800.0,52858.0,Hatchback,Gris,Bueno,414
Chevrolet,Equinox,2015,25300.0,14345.0,Sedán,Azul,Excelente,415
Hyundai,Elantra,2015,12500.0,41816.0,Pickup,Blanco,Bueno,355
Ford,Escape,2023,36400.0,34299.0,Hatchback,Negro,Bueno,397
Mercedes,E300,2016,49800.0,19605.0,Sedán,Gris,Excelente,267
Mercedes,E300,2021,54000.0,31336.0,Sedán,Rojo,Bueno,413
Toyota,Corolla,2017,20800.0,29480.0,Sedán,Negro,Excelente,396
Mercedes,GLE,2020,51000.0,22737.0,Hatchback,Azul,Excelente,321
Toyota,Camry,2019,23900.0,37370.0,Pickup,Gris,Bueno,348
Nissan,Sentra,2016,16800.0,39376.0,Pickup,Rojo,Bueno,381
Volkswagen,Golf,2019,,20117.0,Sedán,Blanco,Excelente,408
Volkswagen,Tiguan,2015,20300.0,39086.0,Sedán,Azul,Bueno,410
Mercedes,C200,2021,57500.0,11449.0,Sedán,Azul,Excelente,232
BMW,530i,2015,31600.0,28407.0,Sedán,Plateado,Excelente,309
BMW,530i,2020,43700.0,53214.0,Hatchback,Azul,Bueno,312
Chevrolet,Equinox,2016,29900.0,15296.0,Hatchback,Negro,Excelente,389
Ford,F-150,2015,24000.0,85751.0,Hatchback,Negro,Regular,353
Honda,Civic,2017,22700.0,57301.0,SUV,Negro,Bueno,324
Ford,F-150,2021,35100.0,18326.0,Hatchback,Rojo,Excelente,337
Kia,Forte,2023,24700.0,46718.0,Sedán,Gris,Bueno,388
Chevrolet,Malibu,2015,20900.0,82286.0,Hatchback,Blanco,Regular,393
Nissan,Sentra,2021,21900.0,73176.0,Hatchback,Blanco,Bueno,263
Mercedes,C200,2017,49200.0,27579.0,Pickup,Rojo,Excelente,276
Ford,Escape,2019,34700.0,13819.0,Hatchback,Azul,Excelente,302
Nissan,Sentra,2021,29600.0,,Pickup,Rojo,Excelente,386
Kia,Sportage,2015,,11339.0,Sedán,Negro,Excelente,425
Volkswagen,Tiguan,2019,27300.0,42948.0,Pickup,Blanco,Bueno,337
Chevrolet,Malibu,2017,20600.0,77856.0,Pickup,Plateado,Bueno,388
Ford,F-150,2016,27900.0,42728.0,Pickup,Blanco,Bueno,384
Nissan,Sentra,2017,14200.0,44903.0,Hatchback,Blanco,Bueno,373
Mercedes,C200,2020,47800.0,84217.0,Sedán,Rojo,Regular,241
Ford,Explorer,2018,34100.0,14719.0,Pickup,Blanco,Excelente,390
BMW,X3,2020,50600.0,35479.0,Hatchback,Negro,Bueno,236
Chevrolet,Malibu,2022,28600.0,25156.0,Hatchback,Azul,Excelente,379
Ford,F-150,2020,24800.0,139883.0,SUV,Plateado,Malo,294
Honda,CR-V,2019,20800.0,8395.0,SUV,Gris,Excelente,464
Toyota,Camry,2015,19300.0,40724.0,Sedán,Azul,Bueno,370
Mercedes,E300,2019,48200.0,48228.0,SUV,Blanco,Bueno,204
Ford,F-150,2018,21200.0,21658.0,Pickup,Gris,Excelente,387
Honda,Civic,2020,14600.0,167754.0,Pickup,Azul,Malo,361
BMW,X3,2016,39000.0,85455.0,SUV,Gris,Regular,205
Ford,Explorer,2016,29100.0,28525.0,SUV,Negro,Excelente,356
Ford,F-150,2019,26600.0,76774.0,Hatchback,Rojo,Bueno,364
Hyundai,Elantra,2016,17700.0,54205.0,Hatchback,Gris,Bueno,328
Ford,Explorer,2023,38500.0,38976.0,Hatchback,Rojo,Bueno,282
Hyundai,Elantra,2017,10000.0,98995.0,SUV,Gris,Regular,400
Ford,F-150,2019,30200.0,28823.0,SUV,Plateado,Excelente,314
Honda,Civic,2023,27600.0,15547.0,SUV,Gris,Excelente,385
Toyota,Corolla,2018,19200.0,80118.0,Hatchback,Plateado,Regular,371
Volkswagen,Golf,2022,27300.0,69175.0,SUV,Gris,Bueno,347
Honda,Accord,2020,24300.0,42313.0,Hatchback,Negro,Bueno,349
Nissan,Sentra,2015,13200.0,23331.0,Sedán,Rojo,Excelente,436
Kia,Sportage,2017,14700.0,61451.0,SUV,Blanco,Bueno,357
Ford,Escape,2023,37800.0,26263.0,Hatchback,Gris,Excelente,404
Mercedes,C200,2023,55600.0,18918.0,SUV,Gris,Excelente,171
Hyundai,Sonata,2023,28200.0,17197.0,Pickup,Plateado,Excelente,379
Mercedes,C200,2022,51700.0,68311.0,SUV,Gris,Bueno,309
BMW,X3,2020,38300.0,69767.0,Pickup,Blanco,Bueno,292
Volkswagen,Tiguan,2020,24600.0,,Pickup,Blanco,Bueno,381
Mercedes,GLE,2022,51500.0,17533.0,Hatchback,Negro,Excelente,289
Chevrolet,Silverado,2019,29400.0,7946.0,Pickup,Gris,Excelente,473
Toyota,Camry,2016,23300.0,19539.0,Hatchback,Plateado,Excelente,383
Hyundai,Sonata,2023,,74414.0,Pickup,Gris,Bueno,376
Volkswagen,Tiguan,2018,27700.0,23168.0,Pickup,Plateado,Excelente,354
Ford,F-150,2020,26500.0,44592.0,Sedán,Negro,Bueno,358
BMW,530i,2021,50900.0,16359.0,SUV,Rojo,Excelente,248
Toyota,Corolla,2021,,45513.0,Sedán,Gris,Bueno,331
Nissan,Sentra,2018,17900.0,47579.0,SUV,Azul,Bueno,423
Chevrolet,Silverado,2022,28900.0,49908.0,Hatchback,Rojo,Bueno,463
Honda,CR-V,2017,16700.0,59073.0,Pickup,Plateado,Bueno,336
Volkswagen,Tiguan,2020,28700.0,28865.0,SUV,Azul,Excelente,302
Hyundai,Tucson,2016,16400.0,55330.0,Hatchback,Rojo,Bueno,452
Chevrolet,Silverado,2022,35500.0,6174.0,SUV,Blanco,Excelente,307
Mercedes,E300,2022,55600.0,89381.0,Sedán,Blanco,Regular,227
BMW,320i,2018,41100.0,82728.0,Pickup,Plateado,Regular,176
Honda,CR-V,2016,15200.0,40989.0,Hatchback,Gris,Bueno,395
Ford,Escape,2022,34500.0,49083.0,Sedán,Azul,Bueno,316
Mercedes,GLE,2016,44700.0,54983.0,Hatchback,Plateado,Bueno,294
Mercedes,E300,2022,50500.0,46373.0,Pickup,Gris,Bueno,196
Hyundai,Sonata,2015,17500.0,15152.0,Sedán,Plateado,Excelente,464
Ford,Explorer,2016,24300.0,43525.0,Pickup,Rojo,Bueno,225
Toyota,Camry,2021,20000.0,141314.0,Hatchback,Blanco,Malo,253
Nissan,Rogue,2016,8400.0,96613.0,Pickup,Gris,Regular,402
Hyundai,Tucson,2023,21200.0,84127.0,Hatchback,Negro,Regular,387
Ford,Escape,2022,25500.0,83540.0,SUV,Negro,Regular,295
Nissan,Sentra,2021,19500.0,93507.0,Hatchback,Negro,Regular,297
Honda,Civic,2019,22400.0,28663.0,Pickup,Rojo,Excelente,431
Chevrolet,Silverado,2019,28000.0,35781.0,SUV,Gris,Bueno,369
Nissan,Sentra,2016,21700.0,8595.0,Sedán,Blanco,Excelente,448
Mercedes,GLE,2018,50500.0,20380.0,SUV,Negro,Excelente,242
Toyota,Camry,2023,26300.0,37586.0,Pickup,Negro,Bueno,328
Kia,Forte,2021,24000.0,46293.0,SUV,Negro,Bueno,347
Mercedes,E300,2015,45300.0,14379.0,Hatchback,Gris,Excelente,251
Chevrolet,Silverado,2021,35500.0,48752.0,SUV,Plateado,Bueno,306
BMW,320i,2018,42900.0,41690.0,Pickup,Azul,Bueno,304
Honda,Civic,2016,21100.0,12415.0,Pickup,Negro,Excelente,476
Kia,Sorento,2017,15200.0,83194.0,Sedán,Azul,Regular,348
Toyota,Corolla,2023,30200.0,39559.0,Sedán,Azul,Bueno,398
Mercedes,GLE,2022,55600.0,23312.0,Pickup,Negro,Excelente,267
BMW,X3,2021,45900.0,15374.0,Hatchback,Negro,Excelente,328
Nissan,Sentra,2016,13500.0,68922.0,SUV,Blanco,Bueno,426
Hyundai,Sonata,2016,5600.0,105309.0,Pickup,Blanco,Regular,341
Chevrolet,Silverado,2020,27100.0,30956.0,Pickup,Gris,Bueno,390
Volkswagen,Tiguan,2021,28700.0,,Hatchback,Rojo,Excelente,348
Kia,Sportage,2023,22200.0,27886.0,Pickup,Azul,Excelente,420
Hyundai,Tucson,2016,17100.0,25201.0,Sedán,Blanco,Excelente,420
Hyundai,Sonata,2019,16800.0,83582.0,Pickup,Plateado,Regular,367
Hyundai,Sonata,2016,20500.0,18914.0,SUV,Azul,Excelente,389
Ford,F-150,2016,28400.0,27745.0,SUV,Azul,Excelente,339
BMW,X3,2021,36700.0,103767.0,Pickup,Negro,Regular,277
Honda,Accord,2015,17600.0,,Pickup,Blanco,Excelente,385
Kia,Sportage,2019,17200.0,10957.0,Sedán,Blanco,Excelente,393
Ford,F-150,2016,18800.0,103916.0,Hatchback,Rojo,Regular,345
Mercedes,E300,2019,50200.0,16355.0,Sedán,Negro,Excelente,295
Hyundai,Elantra,2017,15000.0,84942.0,Sedán,Azul,Regular,452
Toyota,Corolla,2022,22400.0,80088.0,Hatchback,Blanco,Regular,327
Kia,Forte,2018,17000.0,50846.0,Sedán,Negro,Bueno,384
Kia,Sorento,2021,26600.0,7951.0,Pickup,Negro,Excelente,354
Chevrolet,Malibu,2021,32300.0,24538.0,Pickup,Negro,Excelente,354
Hyundai,Elantra,2017,18800.0,16538.0,Hatchback,Plateado,Excelente,422
BMW,320i,2020,,131458.0,Sedán,Negro,Malo,215
Mercedes,C200,2020,50500.0,55002.0,Pickup,Azul,Bueno,232
Toyota,Corolla,2017,23900.0,27741.0,Pickup,Azul,Excelente,380
Kia,Sorento,2021,20200.0,84769.0,Pickup,Gris,Regular,403
Toyota,Corolla,2022,23000.0,34596.0,SUV,Rojo,Bueno,357
Mercedes,E300,2016,44600.0,18840.0,Pickup,Rojo,Excelente,364
Hyundai,Tucson,2023,19200.0,99715.0,SUV,Rojo,Regular,295
Nissan,Rogue,2019,17400.0,118758.0,Sedán,Plateado,Regular,355
Nissan,Sentra,2018,18300.0,36116.0,SUV,Plateado,Bueno,379
BMW,320i,2016,41300.0,85464.0,SUV,Plateado,Regular,251
Mercedes,E300,2023,50400.0,97711.0,Pickup,Blanco,Regular,238
Toyota,Camry,2020,23400.0,51043.0,Hatchback,Blanco,Bueno,366
Honda,Civic,2015,10200.0,103321.0,Pickup,Negro,Regular,365
Volkswagen,Tiguan,2016,23600.0,15511.0,Pickup,Gris,Excelente,361
Mercedes,C200,2020,50300.0,57771.0,Hatchback,Negro,Bueno,245
Chevrolet,Malibu,2021,33200.0,53862.0,SUV,Gris,Bueno,332
Kia,Sportage,2016,16700.0,9361.0,Pickup,Plateado,Excelente,442
Chevrolet,Silverado,2022,27400.0,99804.0,SUV,Plateado,Regular,396
Honda,CR-V,2020,24600.0,31680.0,SUV,Gris,Bueno,381
Ford,F-150,2020,32600.0,6752.0,Sedán,Negro,Excelente,378
Hyundai,Elantra,2018,16700.0,68273.0,Hatchback,Negro,Bueno,420
BMW,X3,2018,38500.0,107643.0,Pickup,Gris,Regular,305
Volkswagen,Tiguan,2017,23100.0,51851.0,Hatchback,Plateado,Bueno,337
Nissan,Altima,2016,20100.0,18631.0,Pickup,Plateado,Excelente,389
Hyundai,Sonata,2023,22100.0,57708.0,Sedán,Rojo,Bueno,320
Honda,CR-V,2019,20900.0,10951.0,Pickup,Gris,Excelente,469
Volkswagen,Golf,2020,30000.0,19095.0,Sedán,Azul,Excelente,344
Chevrolet,Equinox,2015,27100.0,25126.0,Sedán,Blanco,Excelente,420
Toyota,RAV4,2020,25900.0,16327.0,SUV,Azul,Excelente,365
Toyota,RAV4,2017,21600.0,37260.0,SUV,Rojo,Bueno,303
Volkswagen,Jetta,2016,12100.0,156136.0,Sedán,Gris,Malo,344
Honda,CR-V,2020,25700.0,18295.0,Hatchback,Negro,Excelente,387
BMW,320i,2021,46200.0,62765.0,Pickup,Negro,Bueno,216
Volkswagen,Tiguan,2016,22700.0,25300.0,Hatchback,Gris,Excelente,430
Hyundai,Elantra,2018,19000.0,58910.0,SUV,Rojo,Bueno,449
Honda,Accord,2020,23900.0,30078.0,Pickup,Rojo,Bueno,360
Honda,Civic,2020,26600.0,32651.0,Sedán,Blanco,Bueno,361
Nissan,Rogue,2015,14100.0,19776.0,Sedán,Rojo,Excelente,474
Volkswagen,Golf,2019,27900.0,32134.0,Pickup,Rojo,Bueno,452
Mercedes,GLE,2017,47000.0,20417.0,Pickup,Azul,Excelente,385
Volkswagen,Tiguan,2020,15600.0,116704.0,Hatchback,Gris,Regular,351
Nissan,Altima,2016,14100.0,68134.0,Pickup,Gris,Bueno,404
Chevrolet,Silverado,2020,32500.0,20748.0,SUV,Gris,Excelente,447
Ford,Escape,2018,26300.0,68692.0,Pickup,Rojo,Bueno,392
Volkswagen,Golf,2021,25800.0,28852.0,SUV,Blanco,Excelente,367
Hyundai,Elantra,2021,20300.0,52023.0,Sedán,Negro,Bueno,393
Hyundai,Tucson,2023,17000.0,93722.0,Sedán,Rojo,Regular,329
Honda,CR-V,2018,23400.0,33076.0,SUV,Blanco,Bueno,407
Nissan,Altima,2019,22500.0,13759.0,Sedán,Blanco,Excelente,442
Mercedes,C200,2017,42700.0,54365.0,Sedán,Azul,Bueno,315
Kia,Sportage,2023,8600.0,200000.0,SUV,Azul,Malo,371
Nissan,Sentra,2015,19100.0,8066.0,SUV,Azul,Excelente,395
Chevrolet,Silverado,2015,20600.0,45829.0,Sedán,Rojo,Bueno,352
Toyota,Corolla,2019,28400.0,12517.0,SUV,Gris,Excelente,380
Mercedes,C200,2017,53000.0,19749.0,SUV,Rojo,Excelente,288
Hyundai,Tucson,2018,9600.0,,SUV,Plateado,Malo,280
Kia,Sorento,2015,13700.0,24824.0,Hatchback,Plateado,Excelente,369
BMW,320i,2023,48900.0,59139.0,Hatchback,Blanco,Bueno,229
BMW,X3,2018,39700.0,64234.0,Sedán,Negro,Bueno,273
Kia,Forte,2016,5500.0,131873.0,Pickup,Negro,Malo,308
Chevrolet,Malibu,2021,33100.0,21537.0,Sedán,Rojo,Excelente,350
Volkswagen,Golf,2015,25100.0,19352.0,SUV,Plateado,Excelente,427
Mercedes,E300,2021,51700.0,29616.0,SUV,Rojo,Excelente,247
Honda,Accord,2023,24200.0,47781.0,Hatchback,Plateado,Bueno,377
Chevrolet,Equinox,2017,25100.0,28934.0,Sedán,Negro,Excelente,390
Chevrolet,Silverado,2018,29100.0,15929.0,Sedán,Plateado,Excelente,390
Chevrolet,Malibu,2020,28100.0,9363.0,Pickup,Gris,Excelente,430
BMW,530i,2016,44300.0,37448.0,Pickup,Blanco,Bueno,288
Nissan,Rogue,2023,25400.0,,Pickup,Rojo,Excelente,418
Toyota,RAV4,2022,22400.0,82065.0,Hatchback,Rojo,Regular,324
Mercedes,E300,2016,44200.0,19173.0,Pickup,Gris,Excelente,298
Mercedes,GLE,2021,49700.0,68242.0,Pickup,Azul,Bueno,239
Mercedes,GLE,2019,47800.0,77267.0,Sedán,Azul,Bueno,199
Volkswagen,Tiguan,2019,26000.0,19245.0,Sedán,Rojo,Excelente,363
BMW,530i,2019,42500.0,40972.0,SUV,Gris,Bueno,319
Kia,Forte,2018,13400.0,99499.0,Sedán,Blanco,Regular,337
Honda,Civic,2015,15700.0,91608.0,Hatchback,Gris,Regular,335
Nissan,Altima,2022,19600.0,108718.0,Pickup,Azul,Regular,324
Ford,F-150,2015,23800.0,40578.0,Hatchback,Gris,Bueno,379
Hyundai,Elantra,2019,17100.0,37335.0,Sedán,Plateado,Bueno,330
Mercedes,GLE,2020,54300.0,15391.0,SUV,Negro,Excelente,322
Ford,F-150,2018,29400.0,57759.0,SUV,Azul,Bueno,334
Chevrolet,Equinox,2022,38300.0,11224.0,Hatchback,Rojo,Excelente,358
Honda,CR-V,2015,12800.0,,SUV,Blanco,Regular,260
Honda,Accord,2018,20100.0,18075.0,Pickup,Blanco,Excelente,450
Kia,Sorento,2016,16600.0,57650.0,Hatchback,Plateado,Bueno,381
Nissan,Rogue,2020,18600.0,77520.0,Pickup,Rojo,Bueno,360
Honda,CR-V,2017,25400.0,21001.0,Sedán,Gris,Excelente,361
Mercedes,E300,2021,52600.0,63467.0,Sedán,Negro,Bueno,247
Volkswagen,Jetta,2019,18700.0,106978.0,SUV,Negro,Regular,305
Kia,Sportage,2019,13400.0,73548.0,Sedán,Rojo,Bueno,447
Chevrolet,Malibu,2020,28100.0,86490.0,Hatchback,Gris,Regular,350
Ford,Explorer,2021,36200.0,40974.0,Hatchback,Plateado,Bueno,306
Ford,Escape,2019,27300.0,55973.0,Sedán,Rojo,Bueno,329
Toyota,RAV4,2021,26500.0,38096.0,Pickup,Rojo,Bueno,336
Chevrolet,Malibu,2022,30100.0,56373.0,Pickup,Blanco,Bueno,337
Ford,Escape,2022,34700.0,23848.0,Sedán,Rojo,Excelente,394
Nissan,Sentra,2021,26000.0,17935.0,Pickup,Gris,Excelente,327
Kia,Sportage,2015,11200.0,30892.0,Pickup,Plateado,Bueno,429
Nissan,Sentra,2019,22400.0,22505.0,Sedán,Gris,Excelente,321
BMW,530i,2017,,38267.0,SUV,Azul,Bueno,277
Chevrolet,Malibu,2018,22200.0,14762.0,Sedán,Rojo,Excelente,392
Mercedes,C200,2020,53100.0,24014.0,Hatchback,Blanco,Excelente,245
Chevrolet,Silverado,2022,31800.0,17200.0,Hatchback,Plateado,Excelente,325
Hyundai,Tucson,2020,19600.0,38103.0,Hatchback,Negro,Bueno,390
Volkswagen,Golf,2023,26200.0,24792.0,Pickup,Negro,Excelente,334
Hyundai,Sonata,2018,16100.0,20297.0,Sedán,Azul,Excelente,398
Volkswagen,Jetta,2016,23700.0,15717.0,Pickup,Gris,Excelente,338
Kia,Forte,2023,23900.0,20400.0,SUV,Blanco,Excelente,366
Nissan,Altima,2021,21400.0,50325.0,SUV,Blanco,Bueno,380
Toyota,Corolla,2020,23600.0,20184.0,SUV,Blanco,Excelente,380
Honda,Accord,2016,12600.0,97868.0,Hatchback,Plateado,Regular,374
Volkswagen,Golf,2017,21100.0,79493.0,SUV,Rojo,Bueno,337
Chevrolet,Malibu,2022,33100.0,12822.0,Sedán,Blanco,Excelente,329
Hyundai,Tucson,2015,19200.0,12118.0,Sedán,Negro,Excelente,410
Chevrolet,Equinox,2020,28400.0,32673.0,Sedán,Gris,Bueno,352
Hyundai,Tucson,2022,22700.0,20706.0,Hatchback,Blanco,Excelente,430
Hyundai,Tucson,2018,14100.0,44543.0,Pickup,Negro,Bueno,459
Hyundai,Tucson,2015,11500.0,51131.0,Hatchback,Plateado,Bueno,430
Mercedes,GLE,2020,46000.0,99664.0,Sedán,Azul,Regular,248
Honda,Accord,2021,29600.0,19261.0,Sedán,Rojo,Excelente,469
Honda,Accord,2019,12700.0,168569.0,Pickup,Rojo,Malo,367
Kia,Sorento,2016,11200.0,85081.0,Pickup,Rojo,Regular,297
Volkswagen,Jetta,2022,32100.0,18276.0,Pickup,Negro,Excelente,350
Volkswagen,Golf,2023,31900.0,39819.0,Pickup,Plateado,Bueno,323
Ford,F-150,2018,28900.0,71545.0,Hatchback,Plateado,Bueno,282
Kia,Forte,2022,27500.0,17226.0,Sedán,Plateado,Excelente,416
BMW,530i,2023,51100.0,29483.0,Sedán,Negro,Excelente,298
Ford,F-150,2020,28500.0,57443.0,SUV,Plateado,Bueno,294
Chevrolet,Silverado,2022,33800.0,16868.0,Sedán,Blanco,Excelente,407
Hyundai,Tucson,2020,23600.0,21752.0,Hatchback,Rojo,Excelente,423
Nissan,Altima,2023,24800.0,22887.0,Hatchback,Plateado,Excelente,466
BMW,320i,2018,45000.0,9853.0,Hatchback,Blanco,Excelente,288
BMW,530i,2023,51000.0,,SUV,Plateado,Excelente,315
Kia,Sorento,2021,20500.0,48379.0,Sedán,Rojo,Bueno,425
BMW,530i,2015,36900.0,72566.0,Sedán,Negro,Bueno,320
Hyundai,Elantra,2022,21600.0,39236.0,Pickup,Blanco,Bueno,308
Ford,Escape,2018,32000.0,39350.0,Pickup,Rojo,Bueno,329
Nissan,Rogue,2018,20800.0,35610.0,SUV,Gris,Bueno,394
Nissan,Sentra,2015,16900.0,23102.0,Sedán,Azul,Excelente,406
Mercedes,GLE,2022,50900.0,24898.0,Pickup,Plateado,Excelente,172
Ford,F-150,2018,32700.0,22232.0,Sedán,Plateado,Excelente,356
Hyundai,Sonata,2018,14500.0,14841.0,Hatchback,Plateado,Excelente,372
Volkswagen,Golf,2020,17300.0,127608.0,Sedán,Azul,Regular,362
Ford,Explorer,2021,36000.0,49151.0,Pickup,Gris,Bueno,314
Toyota,RAV4,2022,23000.0,118310.0,Sedán,Azul,Regular,266
Volkswagen,Golf,2019,27100.0,13435.0,SUV,Negro,Excelente,356
Honda,Accord,2015,18800.0,33008.0,Hatchback,Rojo,Bueno,365
Toyota,Camry,2017,25000.0,30605.0,SUV,Gris,Bueno,421
Volkswagen,Tiguan,2016,21900.0,19272.0,SUV,Gris,Excelente,384
BMW,X3,2020,42100.0,90917.0,Hatchback,Gris,Regular,295
Toyota,RAV4,2019,28300.0,20248.0,Sedán,Plateado,Excelente,335
BMW,X3,2016,38300.0,31780.0,SUV,Plateado,Bueno,277
Honda,CR-V,2017,14500.0,99688.0,Pickup,Negro,Regular,371
Kia,Sportage,2018,17500.0,30824.0,Hatchback,Azul,Bueno,356
Hyundai,Elantra,2015,6700.0,142790.0,Hatchback,Gris,Malo,352
Toyota,Camry,2020,21400.0,90449.0,SUV,Blanco,Regular,388
Chevrolet,Silverado,2016,24700.0,44504.0,Sedán,Rojo,Bueno,382
Volkswagen,Golf,2020,14500.0,131395.0,Sedán,Azul,Malo,300
Volkswagen,Jetta,2019,9000.0,153513.0,SUV,Rojo,Malo,292
Kia,Forte,2018,21100.0,10221.0,Sedán,Blanco,Excelente,325
Toyota,Camry,2016,21200.0,18210.0,SUV,Negro,Excelente,449
Ford,Escape,2015,20100.0,37248.0,Hatchback,Azul,Bueno,419
Ford,F-150,2016,28600.0,41855.0,SUV,Gris,Bueno,430
BMW,530i,2019,46400.0,21054.0,Pickup,Gris,Excelente,308
BMW,X3,2020,42900.0,42512.0,Hatchback,Rojo,Bueno,297
Kia,Sportage,2020,21600.0,17010.0,Hatchback,Plateado,Excelente,415
Nissan,Altima,2018,18800.0,28270.0,Pickup,Blanco,Excelente,457
Ford,Escape,2015,23100.0,99106.0,Pickup,Rojo,Regular,314
Nissan,Sentra,2017,19600.0,16931.0,Sedán,Blanco,Excelente,453
Hyundai,Sonata,2020,27800.0,25290.0,Pickup,Negro,Excelente,376
Mercedes,C200,2020,54300.0,66357.0,Sedán,Rojo,Bueno,248
Honda,Civic,2022,22100.0,73932.0,Pickup,Gris,Bueno,386
Toyota,Camry,2019,22300.0,71368.0,Sedán,Rojo,Bueno,373
Ford,Escape,2022,33400.0,32816.0,SUV,Plateado,Bueno,310
Ford,Explorer,2016,23900.0,7404.0,Hatchback,Blanco,Excelente,407
Nissan,Altima,2020,20300.0,,Hatchback,Negro,Excelente,381
Nissan,Rogue,2022,27400.0,25298.0,Sedán,Azul,Excelente,362
Nissan,Sentra,2015,18600.0,51469.0,Pickup,Blanco,Bueno,365
Nissan,Rogue,2018,19000.0,58890.0,SUV,Rojo,Bueno,465
Chevrolet,Silverado,2022,31500.0,27256.0,Pickup,Plateado,Excelente,414
Honda,Accord,2022,22800.0,56703.0,Pickup,Blanco,Bueno,408
Volkswagen,Jetta,2016,20000.0,25895.0,Pickup,Blanco,Excelente,444
Toyota,RAV4,2017,23100.0,48249.0,Pickup,Gris,Bueno,342
Ford,F-150,2020,29500.0,32408.0,Pickup,Negro,Bueno,369
Toyota,RAV4,2023,27600.0,66079.0,Sedán,Azul,Bueno,304
Toyota,RAV4,2015,15600.0,60618.0,Pickup,Gris,Bueno,376
BMW,X3,2015,42000.0,30509.0,Pickup,Negro,Bueno,295
Ford,F-150,2021,24000.0,72919.0,SUV,Blanco,Bueno,399
Kia,Sportage,2020,16400.0,102486.0,Sedán,Negro,Regular,382
Kia,Sorento,2018,11900.0,71845.0,Hatchback,Plateado,Bueno,460
Mercedes,C200,2018,49500.0,9248.0,SUV,Plateado,Excelente,288
Volkswagen,Jetta,2019,23300.0,61168.0,Pickup,Blanco,Bueno,361
Ford,Explorer,2020,32900.0,42318.0,Sedán,Rojo,Bueno,296
Volkswagen,Tiguan,2020,24900.0,73869.0,Hatchback,Rojo,Bueno,370
Volkswagen,Golf,2020,24300.0,11587.0,Sedán,Plateado,Excelente,339
Nissan,Sentra,2023,24100.0,75779.0,Hatchback,Gris,Bueno,293
BMW,320i,2021,42500.0,104535.0,Hatchback,Azul,Regular,273
Mercedes,E300,2018,42600.0,117051.0,Sedán,Rojo,Regular,261
Nissan,Altima,2018,10600.0,156013.0,Hatchback,Negro,Malo,269
Mercedes,C200,2015,48200.0,24151.0,Sedán,Negro,Excelente,297
Ford,Explorer,2019,30400.0,43816.0,Sedán,Blanco,Bueno,302
Chevrolet,Malibu,2022,30400.0,72875.0,SUV,Negro,Bueno,344
Toyota,Corolla,2019,19700.0,38245.0,Sedán,Negro,Bueno,397
BMW,X3,2019,43400.0,51294.0,SUV,Azul,Bueno,348
Ford,Escape,2020,30400.0,32031.0,SUV,Blanco,Bueno,376
Chevrolet,Equinox,2022,29400.0,68132.0,SUV,Gris,Bueno,268
Nissan,Rogue,2020,21700.0,58294.0,Sedán,Negro,Bueno,396
Toyota,RAV4,2019,13700.0,143422.0,Hatchback,Plateado,Malo,349
Chevrolet,Equinox,2015,27800.0,36248.0,SUV,Rojo,Bueno,374
Kia,Forte,2018,21700.0,28457.0,Sedán,Negro,Excelente,399
Hyundai,Tucson,2021,17500.0,69452.0,Sedán,Gris,Bueno,341
Volkswagen,Jetta,2020,26000.0,36683.0,Sedán,Azul,Bueno,391
Nissan,Sentra,2017,14900.0,28053.0,Sedán,Negro,Excelente,401
Chevrolet,Silverado,2018,24000.0,44487.0,SUV,Negro,Bueno,397
Chevrolet,Equinox,2023,33200.0,8699.0,Hatchback,Azul,Excelente,388
Hyundai,Sonata,2019,21600.0,38852.0,Pickup,Negro,Bueno,370
Hyundai,Elantra,2019,16800.0,78871.0,Sedán,Azul,Bueno,409
Hyundai,Elantra,2017,9900.0,50111.0,Hatchback,Gris,Bueno,428
Hyundai,Sonata,2018,19300.0,61838.0,SUV,Blanco,Bueno,354
Toyota,RAV4,2019,24800.0,20215.0,Sedán,Plateado,Excelente,411
Kia,Forte,2023,23700.0,13293.0,Sedán,Rojo,Excelente,353
Ford,Explorer,2020,30700.0,66919.0,Sedán,Azul,Bueno,377
Nissan,Altima,2016,9000.0,113549.0,Sedán,Plateado,Regular,336
Mercedes,E300,2022,54500.0,78189.0,Pickup,Negro,Bueno,258
Volkswagen,Golf,2016,19600.0,81977.0,SUV,Blanco,Regular,300
Toyota,RAV4,2023,35500.0,14063.0,Hatchback,Blanco,Excelente,471
Kia,Sorento,2022,23300.0,16647.0,Sedán,Negro,Excelente,465
Nissan,Sentra,2023,25600.0,20093.0,SUV,Rojo,Excelente,337
Chevrolet,Silverado,2017,29000.0,19446.0,Pickup,Blanco,Excelente,435
Toyota,RAV4,2018,18600.0,75574.0,SUV,Negro,Bueno,377
Toyota,Corolla,2016,,37775.0,Sedán,Blanco,Bueno,403
Toyota,RAV4,2019,20800.0,43051.0,Hatchback,Plateado,Bueno,380
Ford,Explorer,2023,32800.0,13151.0,SUV,Gris,Excelente,398
Kia,Forte,2022,26300.0,26539.0,Pickup,Gris,Excelente,384
Honda,Civic,2015,16700.0,6038.0,Sedán,Rojo,Excelente,472
BMW,X3,2022,49000.0,73960.0,Sedán,Gris,Bueno,218
Honda,Accord,2021,15700.0,138835.0,Pickup,Gris,Malo,339
Mercedes,C200,2022,39100.0,200000.0,Sedán,Negro,Malo,116
Volkswagen,Jetta,2016,,173354.0,Hatchback,Blanco,Malo,342
Toyota,RAV4,2015,20200.0,34970.0,Pickup,Negro,Bueno,489
Hyundai,Tucson,2020,10800.0,162170.0,SUV,Rojo,Malo,334
Ford,Explorer,2016,25200.0,21851.0,Pickup,Negro,Excelente,439
Kia,Forte,2020,26300.0,26082.0,Pickup,Plateado,Excelente,334
Ford,F-150,2022,30800.0,53658.0,Sedán,Blanco,Bueno,328
Chevrolet,Equinox,2015,23500.0,40220.0,Sedán,Plateado,Bueno,393
Volkswagen,Tiguan,2020,26100.0,10204.0,Hatchback,Gris,Excelente,434
BMW,530i,2023,41800.0,34289.0,Pickup,Rojo,Bueno,328
Toyota,RAV4,2023,25600.0,58999.0,Sedán,Azul,Bueno,360
Nissan,Rogue,2018,19300.0,11316.0,SUV,Negro,Excelente,338
Toyota,RAV4,2016,22000.0,27475.0,Pickup,Rojo,Excelente,408
Hyundai,Tucson,2017,16900.0,49175.0,Pickup,Plateado,Bueno,461
Volkswagen,Jetta,2023,26500.0,23178.0,Hatchback,Blanco,Excelente,386
Mercedes,C200,2023,62200.0,9861.0,Pickup,Gris,Excelente,213
Mercedes,GLE,2022,52100.0,37034.0,Pickup,Negro,Bueno,296
Kia,Forte,2018,16300.0,53473.0,Hatchback,Rojo,Bueno,364
Toyota,RAV4,2017,19700.0,37030.0,Hatchback,Azul,Bueno,371
BMW,320i,2019,40700.0,69474.0,Hatchback,Azul,Bueno,332
Toyota,RAV4,2022,25700.0,49740.0,Hatchback,Blanco,Bueno,363
Nissan,Altima,2021,10600.0,152178.0,SUV,Blanco,Malo,393
Toyota,Camry,2023,31500.0,11230.0,Sedán,Negro,Excelente,278
Nissan,Sentra,2021,17200.0,39850.0,Hatchback,Plateado,Bueno,356
Chevrolet,Equinox,2021,31700.0,33951.0,Hatchback,Negro,Bueno,390
Mercedes,GLE,2015,43900.0,28789.0,Hatchback,Gris,Excelente,251
Chevrolet,Malibu,2023,31300.0,22893.0,Pickup,Plateado,Excelente,333
Hyundai,Sonata,2023,26000.0,32191.0,Hatchback,Negro,Bueno,401
Toyota,Camry,2016,21900.0,27093.0,Hatchback,Azul,Excelente,427
Toyota,Camry,2021,26600.0,18095.0,Sedán,Gris,Excelente,327
Nissan,Altima,2015,7600.0,141316.0,Pickup,Azul,Malo,325
BMW,530i,2023,48800.0,73427.0,Sedán,Plateado,Bueno,251
Kia,Sorento,2017,21100.0,20845.0,Sedán,Azul,Excelente,400
Ford,Explorer,2019,29600.0,30827.0,Sedán,Rojo,Bueno,394
Chevrolet,Silverado,2015,25100.0,14940.0,Hatchback,Azul,Excelente,441
Volkswagen,Jetta,2017,21900.0,24584.0,SUV,Rojo,Excelente,385
Chevrolet,Equinox,2016,25300.0,54439.0,Pickup,Blanco,Bueno,381
Chevrolet,Silverado,2019,31300.0,40983.0,Pickup,Azul,Bueno,372
Ford,F-150,2021,31400.0,56818.0,Sedán,Gris,Bueno,347
BMW,X3,2018,35300.0,97028.0,SUV,Azul,Regular,297
Mercedes,E300,2023,58500.0,18392.0,Hatchback,Blanco,Excelente,285
Volkswagen,Tiguan,2016,23400.0,27572.0,Sedán,Plateado,Excelente,381
Mercedes,C200,2017,36500.0,137114.0,Hatchback,Azul,Malo,208
Volkswagen,Tiguan,2018,21200.0,86163.0,Hatchback,Plateado,Regular,367
Hyundai,Tucson,2019,16300.0,67155.0,Pickup,Plateado,Bueno,378
Mercedes,C200,2019,42700.0,109413.0,SUV,Plateado,Regular,244
Kia,Sportage,2022,27700.0,30798.0,SUV,Negro,Bueno,335
Hyundai,Sonata,2015,17000.0,49354.0,Hatchback,Azul,Bueno,360
Volkswagen,Golf,2017,,49496.0,Pickup,Gris,Bueno,370
BMW,530i,2020,45600.0,49224.0,Hatchback,Rojo,Bueno,331
Nissan,Rogue,2017,11200.0,135233.0,Sedán,Rojo,Malo,388
Ford,Explorer,2016,27900.0,67384.0,Pickup,Gris,Bueno,409
Honda,CR-V,2019,24200.0,55112.0,Hatchback,Plateado,Bueno,381
Kia,Sportage,2016,17000.0,32091.0,Sedán,Rojo,Bueno,399
BMW,530i,2023,44000.0,54413.0,Pickup,Blanco,Bueno,315
Nissan,Sentra,2022,18500.0,69897.0,SUV,Plateado,Bueno,459
Honda,Accord,2015,11800.0,52499.0,Hatchback,Plateado,Bueno,328
Mercedes,E300,2022,45200.0,147215.0,SUV,Negro,Malo,155
Chevrolet,Malibu,2022,32300.0,13369.0,Hatchback,Rojo,Excelente,354
Chevrolet,Equinox,2021,30100.0,45479.0,Sedán,Blanco,Bueno,351
Ford,Explorer,2018,31000.0,16427.0,Hatchback,Azul,Excelente,365
Chevrolet,Equinox,2019,17200.0,175477.0,SUV,Rojo,Malo,260
Volkswagen,Tiguan,2018,21500.0,10331.0,Hatchback,Gris,Excelente,387
Hyundai,Elantra,2022,21600.0,15384.0,Sedán,Rojo,Excelente,349
BMW,X3,2020,41100.0,113287.0,Pickup,Plateado,Regular,229
Honda,CR-V,2021,22200.0,63564.0,SUV,Negro,Bueno,372
Hyundai,Tucson,2022,22500.0,52200.0,Sedán,Negro,Bueno,364
Kia,Sorento,2019,18000.0,30180.0,SUV,Gris,Bueno,360
Hyundai,Elantra,2021,17300.0,90599.0,Pickup,Azul,Regular,392
Honda,Civic,2023,26400.0,38636.0,Pickup,Negro,Bueno,404
Nissan,Rogue,2018,20700.0,31749.0,Sedán,Rojo,Bueno,341
Volkswagen,Tiguan,2020,27800.0,18325.0,Pickup,Plateado,Excelente,380
Mercedes,C200,2017,47200.0,23007.0,Sedán,Plateado,Excelente,326
Hyundai,Sonata,2022,22800.0,35296.0,Pickup,Azul,Bueno,410
BMW,X3,2018,39900.0,60088.0,SUV,Rojo,Bueno,313
Volkswagen,Tiguan,2015,18700.0,49753.0,Pickup,Azul,Bueno,338
Toyota,Corolla,2022,20900.0,123279.0,Pickup,Negro,Regular,340
Nissan,Sentra,2015,13000.0,73354.0,SUV,Blanco,Bueno,340
Nissan,Sentra,2016,22900.0,28944.0,SUV,Azul,Excelente,373
Nissan,Sentra,2022,26100.0,16713.0,Pickup,Azul,Excelente,417
Nissan,Altima,2015,10800.0,93970.0,Pickup,Gris,Regular,393
Honda,Civic,2015,17100.0,76849.0,SUV,Plateado,Bueno,432
Ford,Explorer,2021,34500.0,17449.0,Sedán,Azul,Excelente,290
Hyundai,Sonata,2022,22500.0,35146.0,Hatchback,Blanco,Bueno,444
Toyota,RAV4,2017,18700.0,33054.0,Hatchback,Gris,Bueno,358
Nissan,Rogue,2015,15500.0,53730.0,SUV,Blanco,Bueno,416
Chevrolet,Malibu,2018,23800.0,59186.0,Pickup,Negro,Bueno,280
Ford,Escape,2022,32200.0,26795.0,Hatchback,Blanco,Excelente,299
Hyundai,Tucson,2018,16900.0,24070.0,SUV,Azul,Excelente,425
Kia,Sorento,2016,13200.0,21101.0,Pickup,Gris,Excelente,464
Hyundai,Elantra,2017,17700.0,68940.0,Hatchback,Negro,Bueno,369
Honda,CR-V,2016,15900.0,,Sedán,Plateado,Regular,300
Kia,Sportage,2017,16000.0,29394.0,Sedán,Blanco,Excelente,428
Chevrolet,Malibu,2018,27100.0,71763.0,Hatchback,Rojo,Bueno,338
Nissan,Rogue,2016,23900.0,12807.0,Hatchback,Negro,Excelente,402
Volkswagen,Jetta,2018,27700.0,12135.0,SUV,Azul,Excelente,350
BMW,530i,2019,42300.0,11946.0,Pickup,Negro,Excelente,338
Toyota,RAV4,2021,29000.0,14411.0,Sedán,Plateado,Excelente,436
Volkswagen,Tiguan,2023,30200.0,12553.0,Pickup,Rojo,Excelente,352
Kia,Forte,2021,18600.0,25908.0,Pickup,Negro,Excelente,431
Mercedes,GLE,2019,,70640.0,Hatchback,Plateado,Bueno,263
Toyota,Camry,2020,24900.0,24401.0,Sedán,Plateado,Excelente,422
Ford,Escape,2022,27800.0,82936.0,Sedán,Gris,Regular,232
Mercedes,C200,2020,52000.0,8990.0,Sedán,Negro,Excelente,286
Chevrolet,Malibu,2020,29600.0,59069.0,SUV,Azul,Bueno,325
Nissan,Rogue,2017,18200.0,72842.0,Hatchback,Rojo,Bueno,422
Ford,Escape,2022,30700.0,28855.0,Sedán,Gris,Excelente,325
Chevrolet,Silverado,2020,28000.0,57646.0,Hatchback,Gris,Bueno,314
Chevrolet,Silverado,2016,22600.0,42399.0,SUV,Rojo,Bueno,331
Ford,Explorer,2023,36300.0,22985.0,Sedán,Azul,Excelente,401
Nissan,Altima,2021,19300.0,93589.0,SUV,Negro,Regular,333
Honda,CR-V,2022,27500.0,45232.0,Hatchback,Gris,Bueno,283
Ford,Escape,2015,26700.0,63739.0,Sedán,Plateado,Bueno,314
Hyundai,Tucson,2017,12800.0,141030.0,Sedán,Gris,Malo,277
Volkswagen,Golf,2023,22300.0,55421.0,Pickup,Blanco,Bueno,311
Kia,Sorento,2017,5300.0,106095.0,Hatchback,Negro,Regular,444
Hyundai,Sonata,2023,20700.0,80362.0,Pickup,Blanco,Regular,322
Kia,Sportage,2017,14900.0,54414.0,Sedán,Azul,Bueno,394
Mercedes,C200,2021,52600.0,14491.0,Pickup,Blanco,Excelente,273
Ford,Escape,2017,27000.0,8189.0,SUV,Rojo,Excelente,352
Chevrolet,Equinox,2020,35500.0,45278.0,Hatchback,Plateado,Bueno,373
Hyundai,Elantra,2015,18200.0,16747.0,Sedán,Negro,Excelente,391
Chevrolet,Malibu,2019,33600.0,15467.0,Hatchback,Rojo,Excelente,303
BMW,320i,2017,41800.0,40363.0,Hatchback,Azul,Bueno,253
Nissan,Sentra,2018,14200.0,69501.0,Hatchback,Negro,Bueno,317
BMW,X3,2018,39500.0,46368.0,SUV,Plateado,Bueno,329
Chevrolet,Malibu,2018,24100.0,107648.0,Pickup,Blanco,Regular,331
Chevrolet,Silverado,2018,30200.0,19128.0,SUV,Negro,Excelente,447
Chevrolet,Silverado,2016,29400.0,13163.0,Sedán,Gris,Excelente,445
BMW,X3,2018,44300.0,37949.0,Hatchback,Plateado,Bueno,217
Nissan,Sentra,2022,21200.0,83877.0,Pickup,Negro,Regular,314
Toyota,Camry,2015,15400.0,57811.0,Hatchback,Rojo,Bueno,425
Ford,Escape,2022,33900.0,16904.0,SUV,Gris,Excelente,386
Toyota,Corolla,2016,14900.0,72403.0,Hatchback,Azul,Bueno,368
Volkswagen,Tiguan,2022,27500.0,23623.0,Sedán,Plateado,Excelente,399
Mercedes,C200,2018,42400.0,65058.0,Sedán,Rojo,Bueno,346
Volkswagen,Jetta,2023,34600.0,23347.0,Pickup,Rojo,Excelente,339
Chevrolet,Malibu,2016,26600.0,59252.0,Sedán,Rojo,Bueno,329
Chevrolet,Silverado,2021,34000.0,40193.0,Hatchback,Plateado,Bueno,338
Honda,Accord,2020,21700.0,16090.0,Sedán,Rojo,Excelente,435
Chevrolet,Malibu,2020,30100.0,29453.0,Sedán,Rojo,Excelente,361
BMW,530i,2021,47800.0,14839.0,Sedán,Azul,Excelente,169
Chevrolet,Equinox,2022,31300.0,22554.0,Pickup,Plateado,Excelente,410
Mercedes,GLE,2021,51500.0,87394.0,Pickup,Plateado,Regular,233
Honda,Civic,2019,20000.0,36611.0,Hatchback,Gris,Bueno,388
Nissan,Rogue,2020,20900.0,33997.0,Pickup,Blanco,Bueno,429
Toyota,Corolla,2018,18400.0,58659.0,Hatchback,Gris,Bueno,436
BMW,530i,2018,39800.0,62414.0,Pickup,Plateado,Bueno,344
Kia,Sportage,2018,16600.0,40644.0,SUV,Negro,Bueno,391
Ford,Escape,2021,33200.0,45560.0,Hatchback,Gris,Bueno,378
Nissan,Altima,2020,18900.0,41676.0,SUV,Blanco,Bueno,424
Volkswagen,Jetta,2017,17200.0,81181.0,Pickup,Azul,Regular,412
BMW,X3,2019,46400.0,23987.0,Pickup,Plateado,Excelente,302
Volkswagen,Golf,2020,26900.0,49962.0,Sedán,Negro,Bueno,282
Kia,Sportage,2017,18500.0,10973.0,Pickup,Plateado,Excelente,388
Chevrolet,Silverado,2022,17900.0,196975.0,Hatchback,Negro,Malo,348
Mercedes,E300,2023,45500.0,133175.0,Hatchback,Azul,Malo,180
Honda,Accord,2018,19700.0,26748.0,Sedán,Rojo,Excelente,385
Mercedes,GLE,2018,48300.0,48515.0,Sedán,Gris,Bueno,309
Chevrolet,Malibu,2018,26700.0,14118.0,Hatchback,Rojo,Excelente,393
Ford,Explorer,2018,30500.0,51504.0,SUV,Plateado,Bueno,349
Honda,Accord,2018,20100.0,74543.0,Pickup,Negro,Bueno,319
Volkswagen,Golf,2020,22800.0,72543.0,SUV,Plateado,Bueno,407
BMW,X3,2023,40900.0,112537.0,Pickup,Negro,Regular,230
Chevrolet,Equinox,2019,32400.0,19036.0,Hatchback,Plateado,Excelente,363
BMW,X3,2015,33100.0,90858.0,SUV,Azul,Regular,262
Hyundai,Tucson,2016,6200.0,85854.0,Sedán,Gris,Regular,346
Nissan,Rogue,2021,26200.0,43427.0,Hatchback,Gris,Bueno,382
Volkswagen,Golf,2021,24400.0,34198.0,Pickup,Negro,Bueno,366
Ford,Escape,2020,33500.0,40395.0,Hatchback,Rojo,Bueno,318
Ford,F-150,2017,29600.0,16343.0,Sedán,Rojo,Excelente,368
BMW,320i,2021,41000.0,19470.0,SUV,Gris,Excelente,374
Hyundai,Elantra,2023,16600.0,,Sedán,Rojo,Malo,279
Kia,Sorento,2020,17000.0,66527.0,Pickup,Rojo,Bueno,358
Kia,Sorento,2022,27200.0,33009.0,Hatchback,Blanco,Bueno,324
Chevrolet,Malibu,2023,35300.0,18176.0,Hatchback,Plateado,Excelente,363
BMW,320i,2018,44800.0,22435.0,Sedán,Negro,Excelente,248
Honda,CR-V,2023,26100.0,57182.0,Hatchback,Blanco,Bueno,351
Toyota,RAV4,2021,23300.0,55242.0,Pickup,Rojo,Bueno,405
Toyota,RAV4,2018,16200.0,100884.0,SUV,Azul,Regular,437
Nissan,Altima,2020,25000.0,16076.0,SUV,Azul,Excelente,452
Kia,Forte,2015,14500.0,25315.0,Pickup,Plateado,Excelente,504
Honda,CR-V,2015,13700.0,58021.0,Hatchback,Gris,Bueno,370
Hyundai,Sonata,2021,,75566.0,Sedán,Azul,Bueno,422
Kia,Sorento,2019,16000.0,66924.0,Hatchback,Azul,Bueno,339
Mercedes,C200,2015,38600.0,60275.0,SUV,Plateado,Bueno,296
Honda,CR-V,2021,25200.0,44631.0,Sedán,Rojo,Bueno,333
Hyundai,Elantra,2017,11200.0,113215.0,SUV,Gris,Regular,293
Honda,Civic,2016,14000.0,54192.0,Sedán,Blanco,Bueno,434
Volkswagen,Golf,2015,19600.0,27002.0,Sedán,Azul,Excelente,450
Mercedes,C200,2020,51100.0,54193.0,SUV,Plateado,Bueno,219
Kia,Sportage,2022,25800.0,28488.0,Hatchback,Blanco,Excelente,398
Ford,F-150,2018,31300.0,63575.0,SUV,Azul,Bueno,354
Chevrolet,Malibu,2023,23400.0,107852.0,Hatchback,Blanco,Regular,277
Chevrolet,Equinox,2016,25000.0,56913.0,SUV,Negro,Bueno,361
Ford,F-150,2021,33900.0,13184.0,Sedán,Azul,Excelente,370
Honda,Civic,2021,21600.0,51592.0,Pickup,Plateado,Bueno,357
Chevrolet,Silverado,2017,24500.0,34957.0,Hatchback,Blanco,Bueno,348
Chevrolet,Equinox,2023,35300.0,28928.0,Hatchback,Plateado,Excelente,299
Ford,F-150,2023,27700.0,115211.0,Hatchback,Rojo,Regular,278
Ford,Escape,2015,26400.0,30373.0,Hatchback,Blanco,Bueno,386
Mercedes,GLE,2021,,94577.0,Hatchback,Gris,Regular,150
Volkswagen,Golf,2017,23900.0,30939.0,SUV,Gris,Bueno,392
Volkswagen,Jetta,2020,26500.0,61242.0,Pickup,Blanco,Bueno,316
Toyota,Camry,2022,22400.0,56333.0,Pickup,Gris,Bueno,405
Toyota,RAV4,2020,27900.0,12310.0,Sedán,Blanco,Excelente,365
Honda,CR-V,2018,18500.0,49623.0,Sedán,Gris,Bueno,478
Chevrolet,Equinox,2017,23500.0,87590.0,Pickup,Blanco,Regular,344
Hyundai,Sonata,2016,15200.0,33387.0,Pickup,Negro,Bueno,404
Chevrolet,Equinox,2022,30000.0,63259.0,Hatchback,Azul,Bueno,341
Chevrolet,Silverado,2015,22600.0,11775.0,SUV,Negro,Excelente,350
Mercedes,E300,2021,51100.0,45803.0,SUV,Blanco,Bueno,254
Hyundai,Tucson,2018,20400.0,30728.0,SUV,Blanco,Bueno,374
Toyota,Corolla,2021,26800.0,68361.0,Sedán,Blanco,Bueno,369
BMW,320i,2018,40900.0,,Sedán,Gris,Excelente,308
Chevrolet,Malibu,2020,29000.0,75670.0,Sedán,Negro,Bueno,359
Nissan,Sentra,2015,8200.0,67320.0,Pickup,Gris,Bueno,420
Toyota,Corolla,2023,25300.0,75138.0,SUV,Plateado,Bueno,320
Toyota,Camry,2021,21600.0,87751.0,Pickup,Negro,Regular,403
Volkswagen,Golf,2022,29200.0,19940.0,SUV,Gris,Excelente,403
BMW,X3,2023,47700.0,7182.0,SUV,Blanco,Excelente,309
Nissan,Rogue,2020,5600.0,177906.0,SUV,Blanco,Malo,331
Honda,CR-V,2015,18200.0,23230.0,Hatchback,Gris,Excelente,420
Kia,Sportage,2017,11300.0,76382.0,Pickup,Blanco,Bueno,397
BMW,320i,2020,46500.0,8494.0,Pickup,Rojo,Excelente,307
BMW,530i,2016,37600.0,31623.0,Pickup,Negro,Bueno,330
Volkswagen,Tiguan,2015,17400.0,38354.0,Sedán,Plateado,Bueno,470
BMW,X3,2020,40600.0,76805.0,SUV,Azul,Bueno,272
Nissan,Rogue,2015,19100.0,15740.0,Sedán,Negro,Excelente,405
Nissan,Altima,2015,18600.0,45927.0,SUV,Gris,Bueno,366
Ford,Explorer,2016,29400.0,34653.0,Pickup,Blanco,Bueno,373
Toyota,Camry,2018,24200.0,53607.0,SUV,Rojo,Bueno,377
BMW,X3,2015,41700.0,34058.0,Hatchback,Blanco,Bueno,251
Toyota,Corolla,2016,23400.0,38517.0,SUV,Negro,Bueno,331
Toyota,RAV4,2023,23900.0,51872.0,Sedán,Blanco,Bueno,371
Hyundai,Elantra,2023,28900.0,6160.0,Hatchback,Blanco,Excelente,355
Toyota,Camry,2016,11200.0,159942.0,Pickup,Azul,Malo,393
Hyundai,Tucson,2015,18800.0,15281.0,Sedán,Blanco,Excelente,348
Toyota,Camry,2018,18000.0,147226.0,Hatchback,Blanco,Malo,380
BMW,530i,2017,43700.0,18470.0,SUV,Azul,Excelente,306
Ford,Escape,2015,17100.0,117500.0,Hatchback,Gris,Regular,267
Toyota,RAV4,2017,8800.0,200000.0,SUV,Rojo,Malo,327
Hyundai,Elantra,2020,24600.0,34321.0,Pickup,Rojo,Bueno,301
Mercedes,E300,2023,54500.0,18843.0,SUV,Blanco,Excelente,229
Chevrolet,Equinox,2017,19600.0,161383.0,Sedán,Rojo,Malo,310
Volkswagen,Jetta,2022,24800.0,63436.0,SUV,Blanco,Bueno,346
Nissan,Rogue,2021,20600.0,33520.0,Pickup,Plateado,Bueno,397
Ford,Explorer,2022,25400.0,79354.0,Sedán,Plateado,Bueno,369
Mercedes,C200,2018,51600.0,11243.0,Sedán,Gris,Excelente,327
Hyundai,Sonata,2017,21400.0,31020.0,Pickup,Gris,Bueno,345
Volkswagen,Jetta,2021,21200.0,76052.0,Sedán,Negro,Bueno,375
BMW,320i,2023,47900.0,49925.0,Pickup,Plateado,Bueno,278
Nissan,Altima,2020,24900.0,42054.0,Sedán,Blanco,Bueno,372
Ford,Escape,2017,24000.0,,SUV,Azul,Bueno,382
Mercedes,C200,2018,48200.0,44344.0,SUV,Plateado,Bueno,276
Hyundai,Elantra,2017,24900.0,41850.0,Pickup,Rojo,Bueno,321
BMW,X3,2019,38700.0,83731.0,Sedán,Plateado,Regular,331
Mercedes,GLE,2019,47700.0,80873.0,Hatchback,Blanco,Regular,236
Toyota,Corolla,2020,15300.0,94337.0,Pickup,Plateado,Regular,350
Volkswagen,Tiguan,2015,21300.0,58070.0,Sedán,Plateado,Bueno,320
BMW,320i,2021,45100.0,42849.0,Hatchback,Negro,Bueno,350
Volkswagen,Tiguan,2023,29200.0,79106.0,SUV,Blanco,Bueno,311
BMW,X3,2018,37900.0,38991.0,Hatchback,Azul,Bueno,348
BMW,X3,2021,44000.0,70612.0,Sedán,Azul,Bueno,309
Hyundai,Elantra,2018,11000.0,96181.0,Pickup,Gris,Regular,265
Mercedes,C200,2022,54300.0,31372.0,SUV,Plateado,Bueno,206
Mercedes,C200,2017,45600.0,30155.0,Pickup,Rojo,Bueno,294
Honda,CR-V,2016,22400.0,31385.0,Hatchback,Plateado,Bueno,372
Kia,Sorento,2019,16100.0,42576.0,Pickup,Negro,Bueno,355
Hyundai,Sonata,2021,16400.0,77741.0,SUV,Blanco,Bueno,387
Chevrolet,Equinox,2019,12900.0,200000.0,Pickup,Azul,Malo,284
Nissan,Rogue,2018,11300.0,94040.0,Sedán,Rojo,Regular,343
Kia,Forte,2020,18200.0,54677.0,SUV,Negro,Bueno,389
Nissan,Altima,2020,24800.0,20050.0,Sedán,Gris,Excelente,334
Volkswagen,Golf,2023,30600.0,19535.0,Pickup,Negro,Excelente,336
Mercedes,E300,2016,44400.0,14613.0,Sedán,Gris,Excelente,289
Kia,Forte,2019,25500.0,17968.0,SUV,Blanco,Excelente,406
Chevrolet,Silverado,2023,32900.0,20065.0,Hatchback,Rojo,Excelente,382
BMW,X3,2015,38800.0,21229.0,Pickup,Plateado,Excelente,322
Volkswagen,Tiguan,2021,27100.0,11321.0,Sedán,Gris,Excelente,454
Kia,Sorento,2021,24100.0,,Pickup,Gris,Excelente,381
Honda,CR-V,2022,29600.0,39922.0,Pickup,Gris,Bueno,364
Chevrolet,Malibu,2018,22200.0,75644.0,Sedán,Rojo,Bueno,343
Volkswagen,Golf,2020,,48519.0,Sedán,Negro,Bueno,303
BMW,320i,2017,41200.0,27715.0,Hatchback,Gris,Excelente,284
Nissan,Sentra,2019,16300.0,31942.0,Pickup,Azul,Bueno,389
Volkswagen,Tiguan,2020,24200.0,,Sedán,Plateado,Excelente,383
BMW,X3,2019,,9881.0,Pickup,Rojo,Excelente,327
Hyundai,Tucson,2017,13700.0,78968.0,Sedán,Rojo,Bueno,419
Volkswagen,Tiguan,2020,21400.0,116818.0,Hatchback,Plateado,Regular,320
Nissan,Altima,2020,12400.0,106320.0,Sedán,Gris,Regular,389
Toyota,Camry,2017,18500.0,89708.0,Pickup,Rojo,Regular,240
Chevrolet,Silverado,2016,23900.0,29375.0,Sedán,Azul,Excelente,442
Toyota,RAV4,2023,32400.0,11633.0,SUV,Negro,Excelente,433
Chevrolet,Silverado,2015,,14544.0,Sedán,Azul,Excelente,347
Nissan,Altima,2019,5500.0,153534.0,Sedán,Rojo,Malo,388
Mercedes,C200,2019,51800.0,10451.0,Hatchback,Plateado,Excelente,278
BMW,X3,2023,47300.0,63338.0,Pickup,Blanco,Bueno,273
Toyota,RAV4,2023,26100.0,74420.0,Pickup,Gris,Bueno,252
Chevrolet,Silverado,2019,28600.0,23218.0,Hatchback,Plateado,Excelente,350
Nissan,Altima,2016,14900.0,96030.0,Sedán,Azul,Regular,415
Honda,Accord,2016,19000.0,,Sedán,Gris,Excelente,377
Kia,Sportage,2022,14500.0,160739.0,SUV,Rojo,Malo,429
Nissan,Sentra,2016,14900.0,47968.0,Sedán,Plateado,Bueno,387
Nissan,Rogue,2022,25500.0,21083.0,Sedán,Rojo,Excelente,301
Honda,Accord,2020,17500.0,,SUV,Rojo,Bueno,282
Volkswagen,Jetta,2018,23300.0,29873.0,Pickup,Negro,Excelente,424
Mercedes,GLE,2020,39300.0,200000.0,SUV,Plateado,Malo,165
Honda,Civic,2016,22900.0,28334.0,Hatchback,Negro,Excelente,324
Chevrolet,Malibu,2021,27800.0,66715.0,SUV,Blanco,Bueno,280
Ford,F-150,2022,25900.0,95673.0,Hatchback,Blanco,Regular,284
Hyundai,Elantra,2018,19700.0,67939.0,Hatchback,Blanco,Bueno,325
Ford,F-150,2023,24700.0,200000.0,SUV,Plateado,Malo,198
Nissan,Rogue,2017,17000.0,83642.0,Pickup,Azul,Regular,408
Kia,Forte,2019,19300.0,44420.0,Sedán,Gris,Bueno,449
Ford,F-150,2021,32700.0,17555.0,Pickup,Gris,Excelente,425
Nissan,Sentra,2016,8600.0,131001.0,Hatchback,Blanco,Malo,366
Nissan,Rogue,2015,18100.0,40379.0,SUV,Negro,Bueno,335
Mercedes,C200,2015,39000.0,,Pickup,Azul,Regular,352
Nissan,Altima,2020,18900.0,16655.0,Pickup,Negro,Excelente,410
Honda,CR-V,2015,13700.0,17427.0,Pickup,Azul,Excelente,512
Nissan,Sentra,2021,15400.0,92219.0,Sedán,Gris,Regular,407
Volkswagen,Golf,2019,27000.0,13949.0,Pickup,Negro,Excelente,404
Ford,F-150,2020,26300.0,53088.0,Hatchback,Azul,Bueno,255
Chevrolet,Equinox,2015,12900.0,200000.0,Pickup,Plateado,Malo,308
Honda,CR-V,2018,17700.0,87061.0,Pickup,Rojo,Regular,401
Nissan,Sentra,2023,22200.0,76494.0,SUV,Plateado,Bueno,334
Volkswagen,Jetta,2023,28400.0,31261.0,Sedán,Blanco,Bueno,300
Mercedes,C200,2017,48400.0,43439.0,SUV,Plateado,Bueno,300
Volkswagen,Jetta,2015,17400.0,13989.0,Sedán,Negro,Excelente,329
Mercedes,E300,2020,48600.0,44471.0,Pickup,Plateado,Bueno,189
BMW,530i,2020,40900.0,91955.0,SUV,Negro,Regular,334
Kia,Forte,2023,27500.0,15095.0,Hatchback,Rojo,Excelente,414
Mercedes,C200,2020,42800.0,141681.0,Hatchback,Plateado,Malo,172
BMW,320i,2023,51100.0,29056.0,Hatchback,Azul,Excelente,328
BMW,X3,2021,41800.0,57900.0,Sedán,Azul,Bueno,330
Toyota,RAV4,2018,19600.0,23989.0,Sedán,Negro,Excelente,440
Volkswagen,Tiguan,2016,17100.0,88184.0,Hatchback,Rojo,Regular,443
Toyota,Camry,2015,20900.0,34001.0,Pickup,Gris,Bueno,363
Hyundai,Tucson,2015,17100.0,11240.0,Hatchback,Gris,Excelente,487
Toyota,RAV4,2020,21500.0,107747.0,Pickup,Negro,Regular,394
Ford,Explorer,2019,29900.0,30840.0,Hatchback,Blanco,Bueno,405
Volkswagen,Jetta,2019,16100.0,144610.0,Hatchback,Rojo,Malo,339
Toyota,RAV4,2020,25300.0,27938.0,Sedán,Azul,Excelente,339
Ford,Escape,2022,32300.0,56895.0,Hatchback,Rojo,Bueno,373
Chevrolet,Silverado,2016,22400.0,32515.0,Hatchback,Rojo,Bueno,359
Nissan,Rogue,2021,27100.0,18672.0,Pickup,Gris,Excelente,372
Kia,Sorento,2015,15500.0,18915.0,Sedán,Gris,Excelente,414
Volkswagen,Golf,2017,20400.0,77854.0,SUV,Rojo,Bueno,340
Nissan,Altima,2021,25100.0,17366.0,Sedán,Blanco,Excelente,381
Toyota,Corolla,2023,32800.0,28494.0,Pickup,Plateado,Excelente,379
Hyundai,Tucson,2018,16800.0,54908.0,SUV,Azul,Bueno,396
Volkswagen,Tiguan,2018,19100.0,89226.0,Sedán,Rojo,Regular,322
Chevrolet,Silverado,2022,30700.0,42830.0,Sedán,Plateado,Bueno,335
Ford,Escape,2016,25400.0,23836.0,SUV,Negro,Excelente,370
Ford,Escape,2018,30200.0,30379.0,Pickup,Rojo,Bueno,318
Honda,Accord,2019,21200.0,32920.0,Sedán,Negro,Bueno,410
BMW,X3,2021,48600.0,12038.0,SUV,Blanco,Excelente,296
Hyundai,Elantra,2020,14900.0,,SUV,Negro,Regular,407
Honda,Civic,2018,20000.0,15097.0,SUV,Negro,Excelente,442
Hyundai,Tucson,2023,18700.0,156112.0,Hatchback,Gris,Malo,279
Nissan,Rogue,2022,25800.0,56169.0,SUV,Azul,Bueno,238
Nissan,Sentra,2015,17600.0,39084.0,SUV,Rojo,Bueno,375
Hyundai,Elantra,2019,19400.0,90123.0,Hatchback,Blanco,Regular,374
Nissan,Sentra,2016,18900.0,24270.0,Sedán,Negro,Excelente,426
Toyota,Camry,2020,25300.0,27264.0,Hatchback,Negro,Excelente,432
Kia,Sportage,2015,13500.0,36314.0,SUV,Negro,Bueno,442
Nissan,Rogue,2020,14300.0,108963.0,Sedán,Azul,Regular,345
Kia,Sportage,2019,18500.0,30940.0,Sedán,Negro,Bueno,354
Ford,Escape,2016,25100.0,13198.0,Sedán,Gris,Excelente,427
Ford,Escape,2021,29900.0,27045.0,SUV,Rojo,Excelente,388
BMW,320i,2016,41800.0,15013.0,Hatchback,Gris,Excelente,306
Mercedes,E300,2021,47000.0,,Hatchback,Negro,Bueno,211
Kia,Sorento,2015,6800.0,157403.0,SUV,Azul,Malo,367
Ford,Escape,2023,33200.0,7900.0,Sedán,Plateado,Excelente,399
Nissan,Sentra,2023,27100.0,,Hatchback,Rojo,Excelente,403
Chevrolet,Silverado,2015,16300.0,114804.0,SUV,Plateado,Regular,366
BMW,320i,2019,29800.0,150691.0,Pickup,Blanco,Malo,303
Nissan,Altima,2019,8200.0,196108.0,Pickup,Negro,Malo,299
Nissan,Sentra,2019,16600.0,26551.0,Pickup,Azul,Excelente,496
Mercedes,GLE,2023,52800.0,39457.0,Pickup,Blanco,Bueno,214
Toyota,RAV4,2019,16400.0,105373.0,SUV,Azul,Regular,351
Kia,Sorento,2020,17800.0,84492.0,Hatchback,Negro,Regular,377
Chevrolet,Malibu,2018,27900.0,37400.0,Hatchback,Rojo,Bueno,365
Kia,Sportage,2021,21200.0,16934.0,Pickup,Azul,Excelente,430
Mercedes,C200,2022,50500.0,82174.0,Hatchback,Gris,Regular,273
Volkswagen,Tiguan,2021,16700.0,99957.0,SUV,Plateado,Regular,336
Chevrolet,Malibu,2017,20100.0,82283.0,SUV,Blanco,Regular,226
Nissan,Altima,2023,27800.0,32989.0,Sedán,Negro,Bueno,336
Chevrolet,Silverado,2018,15800.0,181872.0,SUV,Azul,Malo,301
Toyota,RAV4,2017,20500.0,41794.0,Sedán,Negro,Bueno,364
Chevrolet,Silverado,2023,31400.0,41370.0,Hatchback,Azul,Bueno,367
Mercedes,E300,2018,41700.0,80031.0,SUV,Azul,Regular,281
Volkswagen,Jetta,2020,25500.0,14892.0,Pickup,Azul,Excelente,432
Volkswagen,Jetta,2022,29600.0,20530.0,Hatchback,Rojo,Excelente,374
Honda,Accord,2016,14400.0,124096.0,Pickup,Plateado,Regular,295
BMW,530i,2015,33600.0,79617.0,Pickup,Gris,Bueno,283
BMW,320i,2016,43500.0,18195.0,Pickup,Gris,Excelente,305
Volkswagen,Golf,2022,16700.0,193209.0,SUV,Negro,Malo,259
Mercedes,GLE,2017,32000.0,200000.0,Pickup,Plateado,Malo,232
Hyundai,Sonata,2021,23600.0,24433.0,Hatchback,Rojo,Excelente,380
Honda,CR-V,2019,20100.0,27263.0,Pickup,Azul,Excelente,388
BMW,X3,2016,39800.0,15876.0,Pickup,Negro,Excelente,271
Mercedes,GLE,2017,40500.0,104407.0,Pickup,Azul,Regular,213
Toyota,RAV4,2015,23600.0,11174.0,SUV,Gris,Excelente,451
Mercedes,GLE,2022,55100.0,18108.0,SUV,Gris,Excelente,303
Chevrolet,Silverado,2016,26100.0,25864.0,Sedán,Azul,Excelente,348
Hyundai,Sonata,2018,15800.0,77118.0,Pickup,Negro,Bueno,305
Kia,Forte,2016,14700.0,28179.0,Hatchback,Plateado,Excelente,372
BMW,X3,2020,32200.0,198881.0,SUV,Rojo,Malo,123
BMW,530i,2018,46300.0,19323.0,Pickup,Azul,Excelente,313
Nissan,Altima,2016,10100.0,42454.0,Sedán,Azul,Bueno,426
Volkswagen,Jetta,2018,24400.0,12424.0,Hatchback,Negro,Excelente,352
Chevrolet,Equinox,2017,25300.0,48703.0,SUV,Gris,Bueno,400
BMW,320i,2016,35100.0,92030.0,Sedán,Gris,Regular,262
Honda,Civic,2016,23100.0,32865.0,SUV,Rojo,Bueno,445
Hyundai,Elantra,2017,14600.0,43398.0,Hatchback,Azul,Bueno,433
Toyota,Corolla,2022,19800.0,165728.0,SUV,Azul,Malo,253
Mercedes,GLE,2023,55800.0,29546.0,SUV,Plateado,Excelente,236
Hyundai,Sonata,2017,14700.0,76843.0,Hatchback,Negro,Bueno,493
Toyota,Camry,2018,20700.0,65481.0,Sedán,Negro,Bueno,376
BMW,320i,2020,43800.0,48381.0,Hatchback,Negro,Bueno,255
Kia,Forte,2023,23200.0,31727.0,Sedán,Gris,Bueno,401
Mercedes,E300,2019,50300.0,18358.0,Hatchback,Azul,Excelente,265
Hyundai,Sonata,2018,18400.0,55673.0,Pickup,Plateado,Bueno,400
Hyundai,Elantra,2021,23700.0,42974.0,Hatchback,Negro,Bueno,376
Hyundai,Elantra,2023,17500.0,123946.0,Sedán,Negro,Regular,301
Honda,CR-V,2022,27400.0,38263.0,SUV,Gris,Bueno,310
Kia,Forte,2021,21500.0,66899.0,Pickup,Plateado,Bueno,414
Ford,Escape,2021,32500.0,28557.0,Pickup,Blanco,Excelente,314
Toyota,Corolla,2022,31800.0,36621.0,SUV,Azul,Bueno,258
Honda,Civic,2017,20000.0,46354.0,Sedán,Rojo,Bueno,303
Volkswagen,Golf,2021,28300.0,31701.0,Pickup,Negro,Bueno,376
Mercedes,GLE,2018,47400.0,15883.0,SUV,Blanco,Excelente,288
Volkswagen,Tiguan,2022,28600.0,45088.0,Sedán,Blanco,Bueno,408
Volkswagen,Golf,2020,29100.0,28826.0,Pickup,Plateado,Excelente,453
Hyundai,Elantra,2020,26500.0,47642.0,SUV,Blanco,Bueno,355
Ford,Explorer,2020,31100.0,64292.0,Sedán,Gris,Bueno,279
Volkswagen,Golf,2018,18300.0,62707.0,Sedán,Rojo,Bueno,345
Nissan,Altima,2020,19500.0,81217.0,Sedán,Blanco,Regular,365
Hyundai,Tucson,2019,23200.0,67933.0,Pickup,Plateado,Bueno,339
Hyundai,Tucson,2018,17400.0,36284.0,Sedán,Negro,Bueno,370
Nissan,Altima,2021,24400.0,16340.0,Pickup,Negro,Excelente,425
Toyota,Camry,2021,25200.0,9644.0,Hatchback,Blanco,Excelente,429
Nissan,Rogue,2019,26500.0,8521.0,Pickup,Blanco,Excelente,415
Honda,CR-V,2018,22900.0,24607.0,Sedán,Blanco,Excelente,397
BMW,530i,2021,45600.0,32705.0,Pickup,Plateado,Bueno,312
Volkswagen,Golf,2023,29300.0,18292.0,SUV,Gris,Excelente,368
Chevrolet,Malibu,2020,27000.0,82816.0,Sedán,Blanco,Regular,242
Toyota,RAV4,2015,21000.0,39019.0,Sedán,Azul,Bueno,418
BMW,320i,2018,41300.0,26639.0,Pickup,Plateado,Excelente,369
Chevrolet,Silverado,2019,28200.0,55248.0,Sedán,Rojo,Bueno,292
Chevrolet,Malibu,2018,33300.0,14669.0,Hatchback,Blanco,Excelente,275
Hyundai,Elantra,2019,8100.0,178538.0,Hatchback,Gris,Malo,301
Kia,Sorento,2015,8400.0,115273.0,SUV,Blanco,Regular,349
Toyota,Camry,2023,31000.0,40229.0,SUV,Gris,Bueno,330
Toyota,Camry,2019,23200.0,47704.0,SUV,Negro,Bueno,309
Volkswagen,Golf,2020,21000.0,111370.0,Sedán,Azul,Regular,347
Mercedes,C200,2020,49200.0,43984.0,SUV,Gris,Bueno,220
Hyundai,Tucson,2020,19500.0,44188.0,Hatchback,Negro,Bueno,379
Honda,CR-V,2021,27700.0,30484.0,Sedán,Negro,Bueno,368
Hyundai,Elantra,2021,20400.0,25142.0,Pickup,Plateado,Excelente,426
Ford,Explorer,2018,25500.0,70975.0,Pickup,Negro,Bueno,378
Honda,Civic,2022,22700.0,36437.0,SUV,Plateado,Bueno,359
Volkswagen,Jetta,2015,18000.0,48082.0,Sedán,Azul,Bueno,438
Hyundai,Sonata,2020,20100.0,37436.0,SUV,Rojo,Bueno,354
BMW,530i,2022,43800.0,93408.0,Hatchback,Plateado,Regular,288
Volkswagen,Tiguan,2020,24700.0,53892.0,Sedán,Negro,Bueno,343
Mercedes,E300,2017,48600.0,11656.0,SUV,Plateado,Excelente,348
Volkswagen,Tiguan,2017,21600.0,28327.0,SUV,Rojo,Excelente,427
Kia,Sportage,2016,8200.0,97478.0,Hatchback,Azul,Regular,356
Chevrolet,Silverado,2023,34800.0,,Sedán,Plateado,Bueno,346
Ford,Escape,2021,31800.0,34233.0,Sedán,Negro,Bueno,394
Mercedes,GLE,2022,51900.0,9467.0,Sedán,Negro,Excelente,276
Hyundai,Elantra,2018,17000.0,62514.0,Sedán,Azul,Bueno,343
Volkswagen,Jetta,2019,26400.0,32249.0,Sedán,Rojo,Bueno,298
Kia,Sorento,2023,22800.0,23173.0,SUV,Azul,Excelente,370
Honda,Civic,2018,20600.0,26630.0,Hatchback,Rojo,Excelente,383
Mercedes,E300,2022,55900.0,13805.0,SUV,Negro,Excelente,264
Toyota,RAV4,2019,24900.0,42805.0,Sedán,Negro,Bueno,381
Toyota,Corolla,2021,20200.0,92636.0,Sedán,Negro,Regular,333
Volkswagen,Golf,2015,13800.0,74635.0,SUV,Plateado,Bueno,395
Toyota,RAV4,2018,17800.0,86450.0,SUV,Negro,Regular,339
Kia,Sorento,2023,21100.0,83128.0,SUV,Plateado,Regular,349
Mercedes,GLE,2016,49400.0,,Sedán,Negro,Excelente,245
BMW,X3,2019,42700.0,17945.0,Hatchback,Rojo,Excelente,329
BMW,X3,2023,45000.0,71724.0,Hatchback,Azul,Bueno,210
Mercedes,GLE,2018,49800.0,26146.0,Sedán,Plateado,Excelente,285
Kia,Sorento,2021,23600.0,14267.0,SUV,Blanco,Excelente,403
Chevrolet,Equinox,2023,34100.0,16102.0,Sedán,Azul,Excelente,323
BMW,X3,2016,32100.0,96576.0,SUV,Negro,Regular,290
BMW,320i,2015,43500.0,17859.0,Pickup,Gris,Excelente,316
Mercedes,C200,2015,46700.0,20922.0,Sedán,Negro,Excelente,381
Chevrolet,Equinox,2016,21500.0,37897.0,Pickup,Rojo,Bueno,366
Hyundai,Sonata,2017,14900.0,26892.0,SUV,Gris,Excelente,384
Kia,Sportage,2019,19100.0,14361.0,Pickup,Plateado,Excelente,386
Chevrolet,Equinox,2022,35400.0,9777.0,Hatchback,Gris,Excelente,294
Kia,Forte,2020,15700.0,59463.0,Pickup,Blanco,Bueno,381
Volkswagen,Jetta,2016,22600.0,45180.0,SUV,Azul,Bueno,307
Chevrolet,Equinox,2015,22000.0,77167.0,Pickup,Negro,Bueno,319
Toyota,RAV4,2022,27700.0,19249.0,Hatchback,Gris,Excelente,417
BMW,320i,2015,38200.0,40416.0,Pickup,Plateado,Bueno,356
Toyota,Camry,2021,26700.0,11109.0,Hatchback,Blanco,Excelente,390
Mercedes,E300,2023,55100.0,34161.0,Sedán,Blanco,Bueno,334
Kia,Sportage,2023,27100.0,24383.0,Sedán,Blanco,Excelente,357
Mercedes,E300,2020,49500.0,22763.0,SUV,Blanco,Excelente,193
Nissan,Rogue,2015,14100.0,11670.0,Pickup,Blanco,Excelente,381
Hyundai,Elantra,2017,11600.0,89553.0,SUV,Blanco,Regular,350
Nissan,Altima,2016,14200.0,63379.0,Hatchback,Gris,Bueno,414
Ford,F-150,2020,29400.0,70931.0,Pickup,Azul,Bueno,356
Chevrolet,Silverado,2022,35700.0,16119.0,Sedán,Azul,Excelente,279
Honda,Accord,2019,18000.0,102897.0,Sedán,Plateado,Regular,449
Honda,Accord,2023,24600.0,62229.0,Pickup,Azul,Bueno,364
BMW,320i,2017,38700.0,37994.0,Sedán,Negro,Bueno,313
Toyota,Corolla,2023,19200.0,139110.0,Sedán,Gris,Malo,243
Hyundai,Tucson,2016,17200.0,14972.0,Pickup,Rojo,Excelente,419
BMW,X3,2015,43100.0,12371.0,Sedán,Rojo,Excelente,399
Honda,CR-V,2022,22000.0,45145.0,Sedán,Gris,Bueno,413
Kia,Forte,2015,17400.0,8774.0,Pickup,Blanco,Excelente,462
Mercedes,C200,2021,50300.0,57257.0,Sedán,Negro,Bueno,174
Volkswagen,Jetta,2021,,67573.0,Pickup,Azul,Bueno,379
Chevrolet,Silverado,2022,34000.0,23539.0,Hatchback,Azul,Excelente,328
Hyundai,Tucson,2022,20400.0,50821.0,Sedán,Blanco,Bueno,376
Honda,CR-V,2016,24000.0,26930.0,SUV,Negro,Excelente,388
Kia,Forte,2023,11500.0,200000.0,Hatchback,Negro,Malo,275
Kia,Sorento,2022,16100.0,109281.0,Pickup,Blanco,Regular,328
BMW,X3,2016,34000.0,25985.0,Hatchback,Blanco,Excelente,397
BMW,X3,2020,38400.0,29417.0,Hatchback,Gris,Excelente,322
BMW,530i,2020,45100.0,70398.0,SUV,Gris,Bueno,241
Hyundai,Tucson,2022,21900.0,41520.0,Sedán,Gris,Bueno,321
Chevrolet,Malibu,2023,26000.0,123108.0,SUV,Negro,Regular,286
Hyundai,Sonata,2023,22100.0,74048.0,Hatchback,Blanco,Bueno,357
BMW,530i,2022,48200.0,24629.0,Pickup,Gris,Excelente,212
Chevrolet,Malibu,2021,30300.0,40149.0,Sedán,Blanco,Bueno,354
Toyota,RAV4,2023,16400.0,177426.0,SUV,Rojo,Malo,262
Hyundai,Elantra,2023,,49834.0,Sedán,Azul,Bueno,280
Nissan,Altima,2023,21300.0,105466.0,SUV,Negro,Regular,298
Kia,Sorento,2016,15200.0,87853.0,Sedán,Plateado,Regular,401
Nissan,Rogue,2015,14900.0,89680.0,SUV,Plateado,Regular,359
Volkswagen,Golf,2015,20500.0,10002.0,Sedán,Plateado,Excelente,453
Mercedes,C200,2020,46300.0,85772.0,Pickup,Negro,Regular,149
BMW,X3,2018,47000.0,13905.0,SUV,Azul,Excelente,293
Toyota,Camry,2015,18700.0,51663.0,Pickup,Blanco,Bueno,344
Kia,Forte,2022,15100.0,143805.0,Hatchback,Plateado,Malo,354
Kia,Forte,2023,16800.0,51811.0,SUV,Blanco,Bueno,382
Hyundai,Elantra,2018,17400.0,35821.0,Hatchback,Blanco,Bueno,435
Honda,Civic,2015,19500.0,21507.0,SUV,Blanco,Excelente,418
Hyundai,Elantra,2020,23800.0,20555.0,SUV,Negro,Excelente,366
Volkswagen,Golf,2023,28100.0,18292.0,Pickup,Rojo,Excelente,345
Chevrolet,Equinox,2023,31000.0,41168.0,Pickup,Plateado,Bueno,268
Ford,F-150,2020,31900.0,35214.0,SUV,Blanco,Bueno,403
Ford,F-150,2023,33100.0,73524.0,Pickup,Negro,Bueno,275
Hyundai,Elantra,2018,,36786.0,Sedán,Blanco,Bueno,404
Honda,Accord,2022,25200.0,19101.0,Hatchback,Gris,Excelente,348
Chevrolet,Silverado,2017,21500.0,59786.0,SUV,Azul,Bueno,355
Nissan,Altima,2016,19300.0,52287.0,Pickup,Azul,Bueno,345
BMW,530i,2017,40100.0,18834.0,SUV,Blanco,Excelente,357
Nissan,Altima,2020,18400.0,45778.0,Hatchback,Blanco,Bueno,533
Toyota,RAV4,2018,18000.0,34651.0,Hatchback,Negro,Bueno,406
Chevrolet,Equinox,2015,23700.0,9819.0,Hatchback,Negro,Excelente,481
BMW,530i,2019,46900.0,32391.0,Hatchback,Negro,Bueno,236
Toyota,RAV4,2019,23600.0,35034.0,Sedán,Blanco,Bueno,386
Toyota,Camry,2018,19200.0,38089.0,Pickup,Azul,Bueno,441
Kia,Sorento,2018,16100.0,59686.0,SUV,Gris,Bueno,384
Mercedes,E300,2023,53000.0,11223.0,Sedán,Plateado,Excelente,345
Ford,Escape,2015,19800.0,95055.0,Hatchback,Blanco,Regular,373
Mercedes,C200,2021,50800.0,86986.0,SUV,Blanco,Regular,205
Toyota,Camry,2018,20200.0,60755.0,Pickup,Negro,Bueno,371
Chevrolet,Malibu,2015,22000.0,31646.0,SUV,Blanco,Bueno,420
Hyundai,Elantra,2022,19800.0,54274.0,Hatchback,Negro,Bueno,398
Hyundai,Elantra,2021,21500.0,42625.0,Hatchback,Negro,Bueno,401
BMW,320i,2023,51700.0,20952.0,Pickup,Plateado,Excelente,233
Volkswagen,Jetta,2015,22500.0,14784.0,SUV,Rojo,Excelente,362
Volkswagen,Jetta,2023,33700.0,14893.0,Hatchback,Negro,Excelente,404
Ford,Escape,2015,25500.0,20308.0,Pickup,Blanco,Excelente,373
Mercedes,E300,2015,39200.0,91770.0,SUV,Azul,Regular,316
Kia,Forte,2023,18700.0,102907.0,SUV,Azul,Regular,343
Mercedes,C200,2023,53800.0,20498.0,SUV,Negro,Excelente,277
Hyundai,Elantra,2019,20900.0,36137.0,Hatchback,Plateado,Bueno,328
Ford,F-150,2021,,70954.0,Hatchback,Plateado,Bueno,310
Toyota,Corolla,2018,27300.0,50902.0,Sedán,Gris,Bueno,341
BMW,X3,2023,51600.0,61628.0,Hatchback,Negro,Bueno,260
Toyota,Camry,2020,16800.0,143338.0,Hatchback,Gris,Malo,323
Volkswagen,Jetta,2019,24100.0,24754.0,Pickup,Negro,Excelente,424
Kia,Sorento,2020,12900.0,81220.0,Hatchback,Azul,Regular,360
Toyota,Camry,2023,27000.0,21293.0,Pickup,Blanco,Excelente,384
Kia,Sportage,2016,13400.0,30581.0,Pickup,Rojo,Bueno,412
Toyota,Corolla,2017,17600.0,89965.0,SUV,Blanco,Regular,315
Kia,Sportage,2021,27400.0,22396.0,Hatchback,Negro,Excelente,365
BMW,530i,2020,46500.0,44574.0,Hatchback,Azul,Bueno,311
Kia,Sorento,2021,18500.0,70967.0,Sedán,Plateado,Bueno,430
Kia,Sorento,2019,17500.0,64587.0,SUV,Gris,Bueno,438
Honda,Accord,2015,9000.0,158610.0,Pickup,Rojo,Malo,331
Ford,Explorer,2022,32400.0,74285.0,Sedán,Rojo,Bueno,344
Mercedes,C200,2023,58000.0,16220.0,Sedán,Gris,Excelente,260
Ford,F-150,2018,26700.0,19933.0,Hatchback,Rojo,Excelente,430
Ford,Explorer,2020,27900.0,72682.0,Hatchback,Plateado,Bueno,316
Mercedes,GLE,2019,52200.0,19412.0,Pickup,Negro,Excelente,237
Ford,F-150,2022,34900.0,14176.0,Pickup,Gris,Excelente,314
Hyundai,Tucson,2018,11300.0,150555.0,Pickup,Gris,Malo,343
Hyundai,Tucson,2022,20300.0,47736.0,Hatchback,Negro,Bueno,423
Kia,Sportage,2023,28500.0,8351.0,Sedán,Rojo,Excelente,328
Kia,Forte,2020,22100.0,19118.0,SUV,Plateado,Excelente,399
Honda,CR-V,2022,,43922.0,Pickup,Blanco,Bueno,352
Nissan,Altima,2020,21200.0,61345.0,Pickup,Negro,Bueno,357
Ford,F-150,2021,22700.0,67995.0,Hatchback,Rojo,Bueno,401
Kia,Sorento,2022,24800.0,26424.0,Sedán,Azul,Excelente,370
Toyota,RAV4,2017,27400.0,21873.0,Hatchback,Blanco,Excelente,337
Ford,Escape,2020,30600.0,20214.0,Sedán,Rojo,Excelente,347
Honda,CR-V,2017,20700.0,21383.0,Sedán,Azul,Excelente,495
Honda,Civic,2021,19300.0,113388.0,Pickup,Negro,Regular,356
Mercedes,C200,2017,44600.0,94750.0,Sedán,Rojo,Regular,168
Honda,CR-V,2018,23100.0,13794.0,Sedán,Plateado,Excelente,348
Toyota,Corolla,2023,26200.0,48172.0,Hatchback,Azul,Bueno,372
Ford,Escape,2016,28400.0,20564.0,Pickup,Rojo,Excelente,336
Hyundai,Sonata,2019,24600.0,30990.0,Pickup,Gris,Bueno,337
Nissan,Altima,2022,20200.0,50140.0,Pickup,Negro,Bueno,324
Hyundai,Sonata,2021,20000.0,136746.0,SUV,Rojo,Malo,385
Mercedes,C200,2018,54300.0,34347.0,Hatchback,Gris,Bueno,180
Mercedes,E300,2016,50100.0,27105.0,Pickup,Gris,Excelente,288
Chevrolet,Silverado,2020,29700.0,38118.0,Pickup,Azul,Bueno,425
Chevrolet,Equinox,2015,25200.0,18349.0,Sedán,Gris,Excelente,449
Hyundai,Elantra,2021,23800.0,36090.0,Pickup,Gris,Bueno,417
Toyota,RAV4,2015,15600.0,56164.0,Pickup,Azul,Bueno,407
Chevrolet,Malibu,2015,22900.0,32165.0,SUV,Rojo,Bueno,402
BMW,530i,2022,49900.0,7385.0,Sedán,Azul,Excelente,252
Mercedes,E300,2022,53100.0,,Hatchback,Azul,Excelente,220
Volkswagen,Golf,2017,26100.0,22435.0,SUV,Negro,Excelente,405
Nissan,Altima,2021,24800.0,45489.0,Pickup,Negro,Bueno,428
BMW,530i,2017,39800.0,19647.0,Sedán,Blanco,Excelente,327
BMW,320i,2020,45800.0,17328.0,Hatchback,Rojo,Excelente,366
Volkswagen,Jetta,2017,24800.0,22188.0,SUV,Azul,Excelente,422
Honda,Accord,2023,17600.0,155095.0,Sedán,Negro,Malo,247
Chevrolet,Silverado,2016,21500.0,63674.0,Hatchback,Azul,Bueno,357
Honda,CR-V,2016,14000.0,92166.0,Hatchback,Plateado,Regular,414
Nissan,Altima,2020,18800.0,49945.0,Pickup,Gris,Bueno,411
Chevrolet,Malibu,2023,33500.0,23071.0,Hatchback,Plateado,Excelente,372
Honda,CR-V,2023,30700.0,11165.0,Hatchback,Plateado,Excelente,389
Volkswagen,Golf,2021,13400.0,181208.0,Pickup,Gris,Malo,296
Toyota,RAV4,2020,27800.0,18319.0,Pickup,Azul,Excelente,384
Toyota,RAV4,2020,33500.0,18334.0,Pickup,Rojo,Excelente,309
Chevrolet,Malibu,2019,17400.0,163978.0,Pickup,Negro,Malo,321
Honda,Civic,2016,18600.0,58218.0,Hatchback,Negro,Bueno,309
Volkswagen,Jetta,2023,29900.0,25972.0,Hatchback,Rojo,Excelente,352
Ford,F-150,2021,27600.0,72131.0,Sedán,Rojo,Bueno,301
Mercedes,GLE,2022,51100.0,112920.0,Pickup,Blanco,Regular,183
Chevrolet,Equinox,2023,32300.0,12116.0,SUV,Azul,Excelente,348
Honda,Accord,2020,7600.0,177447.0,SUV,Blanco,Malo,319
Ford,Escape,2023,32000.0,80763.0,Sedán,Plateado,Regular,274
Volkswagen,Jetta,2018,29000.0,25556.0,SUV,Azul,Excelente,440
Chevrolet,Malibu,2019,28000.0,21999.0,Hatchback,Negro,Excelente,436
Volkswagen,Jetta,2017,25600.0,13120.0,Pickup,Blanco,Excelente,377
Ford,Escape,2018,31300.0,13529.0,Pickup,Negro,Excelente,339
Honda,Accord,2019,20900.0,42074.0,Pickup,Plateado,Bueno,278
Nissan,Altima,2021,23700.0,79168.0,SUV,Gris,Bueno,390
Nissan,Rogue,2023,26000.0,21326.0,Hatchback,Blanco,Excelente,367
Nissan,Sentra,2017,17400.0,26010.0,Pickup,Blanco,Excelente,391
Volkswagen,Tiguan,2020,25400.0,35584.0,SUV,Azul,Bueno,352
Hyundai,Sonata,2020,22700.0,11048.0,Sedán,Negro,Excelente,424
Toyota,Camry,2023,27300.0,29390.0,SUV,Gris,Excelente,422
Volkswagen,Golf,2019,21400.0,65059.0,Sedán,Gris,Bueno,379
Toyota,Corolla,2017,20800.0,52464.0,SUV,Rojo,Bueno,334
Hyundai,Elantra,2021,19100.0,79046.0,Pickup,Plateado,Bueno,324
BMW,X3,2018,47400.0,8518.0,Hatchback,Negro,Excelente,350
Mercedes,E300,2019,52300.0,31512.0,Hatchback,Rojo,Bueno,272
Honda,Accord,2018,25600.0,27640.0,Hatchback,Plateado,Excelente,395
Volkswagen,Golf,2017,28000.0,8139.0,Pickup,Rojo,Excelente,318
Mercedes,GLE,2021,57900.0,18721.0,Pickup,Blanco,Excelente,259
Kia,Forte,2015,17600.0,21018.0,Pickup,Azul,Excelente,343
Volkswagen,Tiguan,2019,15600.0,170828.0,Pickup,Azul,Malo,319
Hyundai,Tucson,2016,15800.0,21412.0,Hatchback,Plateado,Excelente,452
BMW,320i,2020,47000.0,21742.0,SUV,Gris,Excelente,187
Honda,Accord,2016,9400.0,138043.0,SUV,Rojo,Malo,344
Chevrolet,Equinox,2023,36400.0,58686.0,Sedán,Gris,Bueno,322
BMW,320i,2018,39400.0,115647.0,Sedán,Negro,Regular,269
Honda,Civic,2018,16000.0,140983.0,SUV,Gris,Malo,258
Nissan,Altima,2019,16800.0,107042.0,SUV,Rojo,Regular,362
BMW,X3,2018,39900.0,91363.0,Pickup,Gris,Regular,287
Kia,Forte,2020,18700.0,44646.0,Hatchback,Plateado,Bueno,399
BMW,320i,2018,37600.0,78259.0,Sedán,Rojo,Bueno,283
Kia,Sorento,2016,13300.0,46390.0,Sedán,Azul,Bueno,370
Hyundai,Sonata,2021,22200.0,95967.0,Hatchback,Azul,Regular,362
Kia,Sorento,2021,19600.0,78966.0,SUV,Gris,Bueno,396
Hyundai,Sonata,2019,19900.0,41393.0,SUV,Azul,Bueno,394
Chevrolet,Malibu,2021,25200.0,38539.0,Sedán,Rojo,Bueno,376
Ford,Explorer,2017,25100.0,37004.0,Sedán,Gris,Bueno,349
BMW,X3,2020,47000.0,12358.0,Hatchback,Plateado,Excelente,232
Ford,Explorer,2018,24800.0,32432.0,Hatchback,Plateado,Bueno,386
Toyota,Corolla,2022,29600.0,30320.0,Hatchback,Blanco,Bueno,400
Ford,Explorer,2023,25000.0,117901.0,Sedán,Azul,Regular,367
Nissan,Sentra,2022,,23038.0,Hatchback,Gris,Excelente,262
Mercedes,E300,2015,43800.0,12953.0,Hatchback,Gris,Excelente,305
Volkswagen,Tiguan,2015,17200.0,76582.0,Pickup,Rojo,Bueno,366
BMW,530i,2022,47500.0,38943.0,Sedán,Azul,Bueno,281
Toyota,Corolla,2018,20600.0,39687.0,Pickup,Plateado,Bueno,314
Volkswagen,Tiguan,2020,27500.0,10709.0,Sedán,Gris,Excelente,400
Honda,CR-V,2022,21300.0,92649.0,Sedán,Negro,Regular,296
Ford,Explorer,2019,28100.0,22029.0,SUV,Negro,Excelente,359
Volkswagen,Jetta,2018,26100.0,29563.0,Sedán,Gris,Excelente,381
Toyota,RAV4,2023,26300.0,48239.0,Sedán,Rojo,Bueno,322
Honda,Civic,2022,23800.0,88040.0,Pickup,Rojo,Regular,377
Mercedes,E300,2021,50800.0,36747.0,Pickup,Plateado,Bueno,259
Volkswagen,Golf,2018,18700.0,71626.0,Sedán,Azul,Bueno,439
Kia,Sorento,2021,19000.0,15587.0,Hatchback,Negro,Excelente,351
Ford,Escape,2019,,25939.0,Hatchback,Rojo,Excelente,320
Volkswagen,Tiguan,2017,22900.0,24532.0,Pickup,Negro,Excelente,328
Kia,Forte,2019,20300.0,44094.0,Pickup,Azul,Bueno,375
BMW,320i,2023,46600.0,32796.0,Pickup,Negro,Bueno,359
Nissan,Altima,2022,23100.0,32348.0,Hatchback,Blanco,Bueno,390
Volkswagen,Jetta,2021,20300.0,115661.0,Hatchback,Plateado,Regular,311
Volkswagen,Golf,2019,26700.0,14007.0,Pickup,Negro,Excelente,328
Chevrolet,Malibu,2023,31500.0,99294.0,SUV,Azul,Regular,342
Toyota,Corolla,2017,20500.0,80908.0,SUV,Gris,Regular,353
Hyundai,Elantra,2019,13500.0,43100.0,Sedán,Blanco,Bueno,478
Volkswagen,Jetta,2017,17400.0,152492.0,Pickup,Negro,Malo,215
Volkswagen,Jetta,2016,21600.0,32912.0,Hatchback,Plateado,Bueno,365
Volkswagen,Golf,2020,29200.0,20731.0,Hatchback,Negro,Excelente,342
Volkswagen,Golf,2018,22500.0,46222.0,SUV,Gris,Bueno,355
Toyota,RAV4,2019,16100.0,118077.0,Pickup,Blanco,Regular,359
Mercedes,GLE,2017,50000.0,22168.0,SUV,Blanco,Excelente,378
Honda,CR-V,2020,21100.0,49387.0,Pickup,Blanco,Bueno,474
Kia,Sportage,2020,25400.0,22659.0,Pickup,Plateado,Excelente,381
Hyundai,Elantra,2016,16800.0,46207.0,Pickup,Blanco,Bueno,424
BMW,320i,2018,46400.0,22826.0,SUV,Rojo,Excelente,333
Ford,F-150,2015,24400.0,18943.0,Hatchback,Negro,Excelente,365
Hyundai,Elantra,2021,26300.0,39733.0,Pickup,Plateado,Bueno,424
Honda,Civic,2017,19600.0,8958.0,SUV,Blanco,Excelente,432
Mercedes,GLE,2017,47000.0,25613.0,Pickup,Plateado,Excelente,353
BMW,X3,2023,50300.0,24686.0,Pickup,Azul,Excelente,211
Nissan,Rogue,2020,,11498.0,SUV,Plateado,Excelente,447
Chevrolet,Malibu,2019,26200.0,54209.0,Pickup,Azul,Bueno,217
Ford,Escape,2019,16200.0,162389.0,Hatchback,Negro,Malo,357
Chevrolet,Equinox,2016,26900.0,14252.0,SUV,Rojo,Excelente,444
Nissan,Altima,2020,23500.0,64406.0,Hatchback,Negro,Bueno,336
Nissan,Rogue,2015,12600.0,24544.0,Hatchback,Gris,Excelente,473
Nissan,Sentra,2022,10800.0,200000.0,Hatchback,Azul,Malo,254
Mercedes,C200,2019,50700.0,28697.0,Pickup,Azul,Excelente,346
Nissan,Rogue,2019,17900.0,77281.0,SUV,Rojo,Bueno,342
Kia,Sportage,2018,16000.0,64860.0,Hatchback,Azul,Bueno,384
Volkswagen,Jetta,2015,20200.0,38896.0,Sedán,Gris,Bueno,387
Kia,Sportage,2021,23200.0,22165.0,SUV,Gris,Excelente,429
BMW,530i,2022,48800.0,52112.0,Pickup,Azul,Bueno,319
Honda,Civic,2021,19100.0,126019.0,Pickup,Azul,Regular,303
Toyota,Camry,2023,30600.0,8627.0,Hatchback,Rojo,Excelente,343
Honda,CR-V,2022,25400.0,36524.0,SUV,Blanco,Bueno,335
Nissan,Sentra,2021,25000.0,30510.0,SUV,Plateado,Bueno,287
Hyundai,Elantra,2020,7400.0,200000.0,Sedán,Rojo,Malo,319
Toyota,Camry,2017,23300.0,17012.0,Hatchback,Blanco,Excelente,375
Mercedes,E300,2015,46400.0,6936.0,Pickup,Rojo,Excelente,348
Chevrolet,Equinox,2016,30900.0,16544.0,Hatchback,Azul,Excelente,412
Hyundai,Elantra,2016,15800.0,73784.0,SUV,Azul,Bueno,365
Nissan,Rogue,2020,16100.0,89757.0,Pickup,Negro,Regular,302
Nissan,Altima,2019,11900.0,103907.0,SUV,Plateado,Regular,381
Kia,Sorento,2019,22100.0,43779.0,SUV,Plateado,Bueno,400
Nissan,Sentra,2018,15000.0,48206.0,Sedán,Blanco,Bueno,374
Chevrolet,Malibu,2021,33600.0,30942.0,SUV,Gris,Bueno,370
Ford,Escape,2019,27400.0,48865.0,Pickup,Rojo,Bueno,306
BMW,320i,2015,41200.0,35346.0,Pickup,Negro,Bueno,263
Mercedes,C200,2015,45100.0,33893.0,Pickup,Blanco,Bueno,323
Toyota,Camry,2020,22800.0,14890.0,SUV,Gris,Excelente,427
Ford,Explorer,2021,26100.0,40292.0,Hatchback,Plateado,Bueno,377
Nissan,Sentra,2021,24900.0,28383.0,Sedán,Rojo,Excelente,315
Volkswagen,Jetta,2016,25600.0,11219.0,Sedán,Plateado,Excelente,445
Hyundai,Elantra,2020,21300.0,30060.0,Sedán,Plateado,Bueno,475
Chevrolet,Malibu,2016,16900.0,123940.0,SUV,Blanco,Regular,335
BMW,X3,2020,44300.0,65573.0,Hatchback,Rojo,Bueno,274
Hyundai,Sonata,2020,22000.0,19314.0,Pickup,Negro,Excelente,421
Toyota,RAV4,2019,29100.0,13528.0,Hatchback,Rojo,Excelente,343
Nissan,Rogue,2015,19200.0,17950.0,Pickup,Negro,Excelente,440
BMW,320i,2020,32600.0,188367.0,Hatchback,Negro,Malo,201
BMW,X3,2022,41100.0,103740.0,Pickup,Plateado,Regular,280
Chevrolet,Malibu,2022,30700.0,42162.0,Hatchback,Blanco,Bueno,299
Toyota,Corolla,2019,26300.0,35818.0,Pickup,Gris,Bueno,391
Toyota,RAV4,2022,22200.0,52317.0,Sedán,Plateado,Bueno,382
Toyota,RAV4,2015,17700.0,108910.0,Hatchback,Rojo,Regular,282
Toyota,Camry,2018,21800.0,75313.0,Sedán,Gris,Bueno,323
Volkswagen,Golf,2016,14600.0,76991.0,SUV,Negro,Bueno,448
BMW,X3,2016,42100.0,22489.0,Sedán,Azul,Excelente,206
Honda,Accord,2021,25800.0,44933.0,Hatchback,Gris,Bueno,404
Volkswagen,Golf,2019,25900.0,31616.0,Pickup,Plateado,Bueno,400
Hyundai,Elantra,2017,7900.0,89913.0,Sedán,Azul,Regular,415
Chevrolet,Equinox,2019,30400.0,11565.0,Pickup,Azul,Excelente,355
Volkswagen,Golf,2017,14700.0,133789.0,Pickup,Blanco,Malo,331
Mercedes,GLE,2015,41400.0,59877.0,Sedán,Blanco,Bueno,244
Chevrolet,Equinox,2018,25200.0,89768.0,Pickup,Rojo,Regular,400
Hyundai,Tucson,2017,18500.0,36876.0,Pickup,Rojo,Bueno,404
Mercedes,C200,2023,54600.0,76928.0,SUV,Gris,Bueno,288
Ford,Escape,2022,30200.0,83823.0,Sedán,Azul,Regular,278
Hyundai,Tucson,2017,16700.0,38380.0,Sedán,Blanco,Bueno,437
Volkswagen,Golf,2017,23500.0,76576.0,Pickup,Plateado,Bueno,331
Chevrolet,Equinox,2019,32100.0,29967.0,SUV,Rojo,Excelente,390
BMW,X3,2016,40900.0,36966.0,Pickup,Rojo,Bueno,237
Nissan,Rogue,2017,17400.0,76497.0,Pickup,Gris,Bueno,339
Volkswagen,Golf,2022,25400.0,85150.0,Sedán,Negro,Regular,387
Honda,Accord,2022,22800.0,40635.0,Hatchback,Plateado,Bueno,411
Chevrolet,Malibu,2019,27600.0,65608.0,Hatchback,Rojo,Bueno,377
Hyundai,Tucson,2018,,82901.0,Sedán,Plateado,Regular,446
Kia,Forte,2020,15100.0,78047.0,Pickup,Azul,Bueno,409
Volkswagen,Tiguan,2020,,17775.0,Pickup,Blanco,Excelente,332
Kia,Sportage,2018,12900.0,55620.0,Pickup,Plateado,Bueno,374
Honda,Civic,2016,17300.0,42258.0,Hatchback,Blanco,Bueno,352
Kia,Forte,2019,21300.0,68184.0,Sedán,Gris,Bueno,342
Kia,Forte,2022,25400.0,28941.0,Sedán,Azul,Excelente,385
Mercedes,E300,2022,47200.0,105066.0,Hatchback,Negro,Regular,239
Toyota,Corolla,2021,23300.0,90587.0,Sedán,Negro,Regular,355
Nissan,Altima,2022,26500.0,100652.0,Pickup,Plateado,Regular,301
Honda,Civic,2018,25400.0,10556.0,Sedán,Negro,Excelente,321
Nissan,Rogue,2022,26200.0,86002.0,Sedán,Plateado,Regular,255
BMW,530i,2021,47900.0,15845.0,Hatchback,Gris,Excelente,285
Volkswagen,Golf,2017,21200.0,44061.0,Hatchback,Azul,Bueno,357
Nissan,Altima,2023,23100.0,63388.0,Hatchback,Azul,Bueno,342
Ford,Escape,2020,26700.0,93849.0,Pickup,Blanco,Regular,349
Kia,Forte,2019,14300.0,90514.0,Hatchback,Gris,Regular,363
